slot_index|date|start_hour|end_hour|account_count|account_ids
1|2021-12-22|0|2|37|202663632499126425,202661983231679879,202662807865405231,4814348276536969818,4814349101170702471,4814349925804430468,202664182254948917,202661983231681982,4814348551414883605,4814349650926507666,202663357621215032,202661983231686316,4814349925804424370,202663357621228323,202662532987490591,202662532987506450,202662532987490678,4814348276536984152,4814348551414893688,4814349376048613388,202663357621228719,202662258109584304,202661983231689563,4814349925804426616,202663082743321543,4814349376048614121,202663357621209512,4814350475560224555,202662807865405279,202662258109582587,4814350475560230112,4814348276536978251,202663357621219591,202664182254930769,202664182254937660,202663632499121993,4814349101170708650
2|2021-12-22|2|4|31|4814348001659061976,4814349376048594998,4814349925804423622,202664182254928245,202663907377026098,4814350200682333208,202663357621215887,202664182254938613,4814350475560227224,202664182254940543,4814349925804429807,4814349650926511668,4814349925804420230,4814348001659063276,4814348276536988176,202663907377032782,4814348826292784632,4814349925804415603,4814348826292789261,4814350200682322773,4814348276536979202,4814348826292781102,202663632499121995,202662532987500896,4814349101170704241,4814348826292800106,4814349101170694843,202663357621217510,4814349101170699159,202662532987501865,4814350475560236143
3|2021-12-22|4|6|43|4814349925804423155,202663632499129533,4814348551414895042,4814350475560224672,202664182254932531,4814349376048615291,4814349101170695997,202661983231674053,202663907377029672,202662807865400043,202663907377025744,4814349101170691985,4814348276536974062,4814348826292795422,202662532987492482,4814349376048615781,202662807865410856,202663907377041099,4814350475560229497,202661983231683444,202662807865394428,4814348826292802453,202663357621210323,4814350475560224476,4814348826292802458,4814349650926505625,202663357621228826,4814348001659079927,202663907377040358,4814350200682316234,4814348826292798976,202662807865407645,4814350200682320382,4814348276536984418,4814348826292798222,4814348826292792076,202664457132843997,4814348276536973234,4814348276536967985,4814348551414893756,4814348826292789403,4814349925804427367,202662532987500609
4|2021-12-22|6|8|34|202662532987491789,202663907377039804,4814348001659061811,202663907377027807,4814348001659071209,202662258109598294,4814349376048595760,4814348001659082067,4814348826292788270,4814348001659063552,4814348551414894880,4814348551414893559,4814349925804413623,202664457132850505,202664182254948739,202661983231686623,202664457132856191,202662532987500978,4814348276536980572,202662807865399469,202662258109596381,202662807865402853,202662807865402453,4814350200682326757,202661983231690967,202661983231693182,4814348826292789280,202662532987489899,4814348001659081898,4814350475560237369,202664457132855862,4814350200682330162,202664457132838883,4814350200682331084
5|2021-12-22|8|10|31|4814349101170707027,202662258109588850,202664182254941947,4814349101170698595,4814349650926506876,202663907377023813,202662532987500156,202661983231685942,4814348001659071222,202662532987498648,4814350475560241211,4814350200682322697,202661983231673046,202663632499135622,202661983231691790,4814349101170688872,4814348276536976132,4814348826292793784,202663632499131043,202663082743312008,4814350475560239731,4814350200682335481,202662807865394673,202663357621207561,4814348826292785266,202662532987506728,4814348276536981239,4814348001659075875,202662258109591033,202662532987501152,4814349925804422912
6|2021-12-22|10|12|31|202664182254931124,202662807865394595,4814349376048603039,4814348551414880631,4814349650926514061,202662807865414814,4814348276536976663,4814349376048601556,4814348001659076833,202664457132853598,4814350200682317085,4814349376048603671,4814349376048613375,4814349376048611929,4814348276536983288,4814349101170705898,4814349101170695559,4814350475560237590,202662258109586548,4814349101170698835,202662807865398831,4814349650926521462,4814350475560238319,202663632499125379,4814348551414880932,202664182254931724,4814349376048598688,202663082743319164,4814349925804419522,4814349925804427899,4814348551414878709
7|2021-12-22|12|14|29|202663907377025581,4814349925804414937,202663632499127684,4814349925804414238,4814348276536978073,202664457132840323,202664182254932999,4814348551414889967,4814349101170697696,202662258109594516,4814349376048615244,202661983231694011,4814350475560232218,202662807865410338,202663907377039923,202664182254945878,202661983231675584,4814349101170708207,4814349650926502242,202663907377038826,202664457132841560,4814348826292785817,202663907377031946,4814348826292802598,202662258109584861,202662258109586377,4814348276536970250,4814350200682331261,4814348276536972709
8|2021-12-22|14|16|30|202663357621226906,4814348001659070295,4814349925804425539,4814348001659068210,4814348551414891697,4814349376048605026,4814349925804426647,4814350475560228713,202662258109600042,202663082743320900,4814348001659070620,202662807865401493,202663082743301211,4814349376048603059,202663632499136033,202664457132850399,4814349650926520167,202662532987504747,202664457132852616,202663082743317860,202662532987504169,4814348826292795934,202662258109580368,4814349101170691844,4814349650926520053,4814348551414874997,4814349650926515630,4814348001659075023,4814349376048597728,4814349650926506743
9|2021-12-22|16|18|44|4814349376048596990,4814348551414880774,202663907377040989,202662807865409514,202663632499130645,202663082743302848,202663082743300581,202663082743302940,202664182254949574,202663907377028506,4814349376048611132,4814349925804419649,202661983231675121,202661983231689506,4814350200682316167,202662807865410765,202663357621212180,4814348001659077973,202663632499134044,202661983231693718,4814350200682337413,202661983231683953,4814349650926520896,202664457132848085,4814349101170701569,202663082743318575,4814348276536978683,202663907377041157,202663082743318099,4814349650926508061,202662258109586138,202661983231685328,4814348826292802442,202662807865411033,202663357621223634,4814348001659068022,4814348551414889627,4814349925804411271,4814348001659080855,202664457132839882,202663907377029912,202663082743321147,202663082743301444,202663082743303781
10|2021-12-22|18|20|34|202663907377038848,202663632499115769,4814350200682333259,4814348276536979115,4814348826292801272,202662532987486586,4814348826292800751,202663907377035803,202663907377033485,202662807865405896,202664182254936795,4814348001659073702,4814350200682324473,4814348551414892505,4814348826292802360,202664182254930199,202664457132843412,4814349925804418856,4814348826292792011,202663632499120143,4814349925804417346,4814349376048613729,4814348551414879465,202664182254932211,202663082743313858,4814350200682324634,202663082743302575,4814350475560228069,202664182254948241,4814349376048600757,202662807865406428,202663082743318789,202663907377031132,202663907377036017
11|2021-12-22|20|22|36|202664457132842765,202664457132848092,202662807865397816,202662532987496571,4814349101170702003,4814348826292790659,202663907377026076,202662258109598367,4814349925804426401,4814349925804412494,4814348551414895370,4814350475560240450,4814348001659067223,202662532987499256,4814350200682330888,202661983231678662,202663082743311471,202664457132843667,202663632499134416,202661983231677766,4814349650926518889,202662532987491144,202663357621217401,202662532987506317,202663632499114379,4814349650926506057,202662532987503648,202664182254947824,4814350475560238749,4814350475560240691,202662532987500664,4814348001659072247,4814350475560243676,202663907377034348,202663082743316706,202664457132847860
12|2021-12-22|22|24|40|4814350200682331992,4814348826292801031,4814349376048597932,202664457132850153,202662807865413036,4814349925804420711,4814349925804424385,4814348826292789792,4814349101170698623,202662532987487570,4814348276536967900,202663907377033979,202664182254938403,202662258109588942,202663357621224239,202664182254937812,202664457132835516,202662258109599917,4814348826292796883,4814350475560226173,202661983231673726,202662807865413743,4814349101170705252,202662258109588154,4814348001659066926,202663907377027687,202664457132844869,4814348551414882771,4814350200682333166,202663907377023247,4814348001659065964,4814349925804424095,4814349101170705259,4814348826292781314,4814348001659066515,4814348826292786837,202662532987501483,202943458208402421,202943733086296627,202943458208399969
13|2021-12-23|0|2|30|4814630301269497304,202945382353744544,202943733086306038,202945932109563172,4814630301269498597,4814630301269493754,4814629476635772495,202945932109566535,4814631400781121847,4814631400781125781,4814631125903230167,202943733086291897,4814631950536953018,4814629751513695331,4814629751513699056,4814630851025306208,202943458208404375,202945657231642400,4814630851025318878,4814630301269493855,202944557720018816,202945932109565739,202945932109545525,4814630851025325909,202944282842105465,4814631675659029852,202944832597933861,4814630301269495421,202944282842110944,202944557720028580
14|2021-12-23|2|4|37|202945657231648257,202945657231638721,4814630576147413416,202944557720011713,4814630301269507040,202944282842111700,202945932109549183,202945657231656592,4814631950536949978,4814631125903212697,4814630026391596222,202943458208403853,202945657231642755,202944557720023117,4814630301269493196,202943458208391797,202944832597927656,202945382353751962,4814630851025318193,202944832597937591,4814630576147402256,4814630301269491718,4814630301269500902,202944007964205277,202945382353753550,4814630026391596598,202943733086292601,202945107475841352,4814630026391594018,4814629751513682074,4814630301269497292,202944282842111302,202944557720019131,202944282842123062,202944007964197676,202944007964213384,4814629751513690355
15|2021-12-23|4|6|34|202945657231655414,202945382353742754,4814630301269506942,4814630576147402602,4814631675659037221,4814630301269499466,4814630301269512037,202944007964203057,4814629751513681686,202944832597930778,202943458208392861,202944557720019524,4814629751513691915,202945657231639786,4814631675659029424,4814630301269495406,4814630026391593714,4814630576147400824,4814631400781133242,4814631950536944676,4814631125903224692,4814631950536935981,4814630026391598752,202943733086296345,202945382353752850,202944282842105670,202945657231657659,4814631400781133056,4814630026391595529,4814629476635777877,202945382353731996,4814631400781124727,4814630026391605428,202945382353741885
16|2021-12-23|6|8|28|202944007964207354,202945657231641552,202943458208397230,202943733086296269,4814631675659040124,202945107475840248,202944282842120828,202945382353740240,4814630301269499831,202945382353745900,4814630026391589576,202944832597928564,202945107475839829,4814630576147403716,4814629751513678087,4814629751513687136,4814630576147418856,202944557720032511,4814631950536936153,202943458208395483,202945107475827959,202944282842122392,202945107475838282,202944557720025768,202943733086301919,202944007964216897,202943458208383483,4814631400781136213
17|2021-12-23|8|10|38|4814630026391585987,202945932109551730,202944007964213741,4814630851025322090,4814630301269506266,4814631950536949227,202944007964198814,4814631950536942257,4814631675659036628,202943733086295882,202945657231649007,4814631950536947352,4814630576147419729,4814631675659040524,202944557720020645,202944557720029747,202943733086302299,4814630576147412112,202943458208384834,4814630026391593256,202945932109547021,4814629476635783309,202943458208394258,202944832597920855,4814631125903221110,202943733086293837,202944557720018053,202945107475831576,4814630576147411429,202944832597922873,202945107475842899,202945107475830551,4814629476635783995,4814630026391594361,202945382353744188,202944282842120588,202944832597923532,4814630026391599589
18|2021-12-23|10|12|36|202943733086311285,202944007964208982,4814629751513691479,4814629751513696828,4814631125903219330,4814630576147402439,4814629751513695718,4814631400781121861,4814630026391604585,4814631400781127074,202945657231657277,202945382353750469,4814631125903234044,202943458208395814,202945382353744468,4814630301269509173,202945932109567187,4814630576147400756,202944007964212037,4814631125903223698,202945107475835692,202944557720028382,4814631400781122198,202943458208385300,4814631125903227148,4814630301269511225,4814631675659041694,202944007964198520,202945932109555757,202945382353753690,202945382353749950,202944007964199431,4814629476635771898,202944832597923512,202945107475845711,4814629751513687125
19|2021-12-23|12|14|38|4814631950536949451,202944557720024121,4814629476635789225,4814631125903221142,202944007964217215,4814630576147404121,202943733086307579,4814631125903221720,4814629476635785703,202945657231653728,4814630301269504444,4814631950536941636,202943458208385863,202944832597921397,4814629476635779046,202944007964215146,4814630301269495317,4814629476635788266,4814629476635790041,4814630026391597909,4814630576147404975,202945932109552059,4814631125903229306,202945932109555610,202945107475842419,202943458208384981,4814629476635782929,202944007964202757,4814629476635783881,202945932109559927,202945932109565274,4814630301269499405,4814630301269508372,202944832597936874,202943733086297127,202945107475829878,4814630851025313596,4814630301269495958
20|2021-12-23|14|16|26|202944557720018286,4814630026391585239,4814629476635792685,4814629751513691291,4814629476635779567,202943458208399011,4814630301269509947,4814631400781129603,4814631950536936587,202945107475834187,4814630851025309858,4814629751513695559,4814630851025312288,4814631125903222333,4814629751513696323,202945107475830570,4814631675659042558,202945932109559850,4814630301269507748,4814631125903229581,202943733086295930,202943733086306825,202944282842111904,4814630851025306556,4814631675659046315,202945932109558443
21|2021-12-23|16|18|33|202943733086304758,202943458208395659,4814630851025323371,202943458208400317,202944557720024963,4814631125903231137,202945107475826380,202945382353751327,202943458208400215,4814630301269495588,202945107475828852,4814630851025327235,4814630301269512263,4814630026391599478,202945657231646947,4814631400781133288,202945382353744474,202945382353747236,202945932109561620,202944832597917750,202944007964206482,4814630851025326338,202944557720032425,202944832597935279,202944832597934102,202944282842113512,202943733086295276,4814631400781129363,202945382353745495,4814630851025310364,202945107475838746,202944832597936198,4814631950536936166
22|2021-12-23|18|20|41|4814630301269513006,4814630026391590894,202943733086296174,4814630576147403774,4814630301269496377,4814631400781131388,202944557720020281,4814630301269499043,4814631675659030325,202943458208391571,202944007964206953,4814631125903230366,4814630576147408001,202945382353738392,4814631125903228324,202943733086304531,202943458208388140,4814631400781123026,4814629476635775344,202945932109546680,202945932109566395,202945657231645255,202944832597933056,4814631675659030426,4814630576147402216,4814631675659040932,4814630026391585180,4814630576147410226,202943458208388158,4814631400781123971,202945657231656944,4814629751513687907,4814631950536951315,4814629476635782958,4814630026391601784,4814631400781126125,202944007964212000,202944007964215934,202945932109551566,202945932109566397,4814630026391590921
23|2021-12-23|20|22|34|202943458208386947,4814629751513697433,4814631675659030415,4814630576147410781,202945932109557649,4814631400781132815,202944557720031269,202945932109561519,202944832597919042,202945107475838326,4814630301269491806,4814631950536941237,4814630576147401849,4814631400781120924,202944007964213331,202944832597938800,4814631125903213666,202943458208390499,202944832597926317,202944832597938949,202944832597934198,202943733086299203,202944832597936809,4814631400781133891,4814631950536950001,202945382353752513,202944282842114852,202945657231659945,202945382353746440,202944007964199335,202943733086299386,202944557720027746,4814629751513678253,4814629751513678972
24|2021-12-23|22|24|34|202945657231651915,4814630851025324459,4814630301269506826,4814631675659026636,202945932109566162,4814630576147405507,4814630576147407272,4814630576147409170,202944832597938123,4814629476635788177,4814629476635792131,4814631125903227911,202945107475834645,202945107475839478,4814631400781136572,202944282842114973,202943458208393897,4814630576147404766,4814629476635773803,202945382353752036,202945382353750778,202944832597926163,4814631675659043137,4814631125903231268,4814630851025327016,4814630026391606778,202943733086303500,4814630576147399288,4814631950536934341,202943733086305937,4814630851025306778,4814911501368305841,203224933185105048,4814912051124111830
25|2021-12-24|0|2|42|203225482940923451,4814910951612484024,4814911226490406329,203227132208366281,203225757818830045,203226307574635316,4814912051124131195,203226032696727228,4814910951612497262,203225482940921699,203225757818826460,203224933185098122,4814913425513646151,4814913150635740228,203227407086270298,4814911501368302806,203226032696739200,4814912326002035167,203226032696741912,4814910951612483018,4814913150635741065,203226032696741297,4814911501368313867,4814910951612499233,4814911226490392883,4814911501368313285,4814913150635740643,203225757818834115,4814912326002026797,203225482940915601,203226032696735586,203227132208363920,203226307574634265,4814911776246212880,4814912875757849721,203226582452557316,4814911501368302968,4814912600879943388,203227407086271675,4814911226490394348,4814910951612503273,203225208063010658
26|2021-12-24|2|4|27|203224933185105701,203227132208361751,4814912326002024962,203226857330454962,203225482940924325,4814912600879927334,203227407086258854,203224933185114301,4814911776246210952,203226582452539045,203227132208356806,203225757818822263,4814912326002019953,203226582452546217,203226857330457960,4814911501368306049,203225757818828380,203226857330452290,203225208063009544,4814911776246211025,203225757818836239,203226307574646695,203225208063016874,203227407086263612,4814913150635738728,203226307574647337,203225208063014336
27|2021-12-24|4|6|32|203226857330445279,203226857330452292,4814910951612492505,4814913150635742195,4814912600879940762,4814912875757833324,203226032696737329,4814912051124112617,203225757818820720,4814912875757831495,4814911501368296488,203226857330463427,203227407086258182,4814913150635747112,4814913425513665357,4814912051124131178,4814912326002035383,203225482940916905,203226582452539176,203225757818829416,203226032696733791,203225757818822027,203224933185107546,4814913150635743743,4814912051124114394,4814911501368311833,4814910951612486481,203226582452536324,4814911226490390323,203227132208351938,203227132208369166,4814911776246217120
28|2021-12-24|6|8|30|203226307574644008,4814911776246211429,203226582452550828,203225757818814513,4814911226490402341,203226032696721912,203225482940916740,4814911501368303422,4814912326002030967,203226307574633103,4814913425513654751,203227407086276958,203226582452550139,203226307574635366,4814911226490405611,4814913425513653758,203227132208360207,203226032696738920,4814911501368299776,203225208063001960,203227132208363850,4814912326002032778,203225208063003194,4814912326002022043,203225208063015580,4814912326002029031,203226857330462595,4814912326002029645,4814912875757849074,4814910951612500130
29|2021-12-24|8|10|39|4814910951612491600,4814912051124124529,4814910951612499051,203226857330449941,203226857330450090,203226307574638195,4814912875757843719,203226307574634002,203225482940912477,203227132208351516,4814912600879929098,4814911226490403040,4814910951612490993,4814910951612490696,4814912600879938387,4814911226490405348,203225208063021302,203227132208360244,4814912326002026804,4814913425513657546,203226032696732454,203225208063014549,4814912875757838187,4814912051124126866,203226857330456382,4814911776246213594,4814911776246208184,203226032696724444,203227407086275260,4814913150635756000,203227132208364614,4814912051124118575,203225482940916541,203226857330460335,203225757818817905,203226032696721752,4814912326002025638,4814911501368299057,203226032696729724
30|2021-12-24|10|12|42|203226582452551416,203227132208362414,4814912051124114276,4814912875757843590,203224933185096415,203226857330458837,203227407086262881,203224933185099599,203224933185100706,4814912600879938703,203224933185110570,4814912600879932686,4814913150635751322,4814912051124119884,203226307574638197,203227132208352560,203225757818833603,203224933185106580,4814912326002022802,203226032696731271,203226582452549813,203226032696730833,4814911776246216735,203225208063008734,203225757818816342,4814910951612496461,203227132208355627,4814912875757839481,203226307574641738,203225208063005120,203227132208352043,4814911776246209514,4814911501368308875,4814912326002033458,203227407086268889,203226307574629770,203226032696730384,203226582452542250,4814912600879923796,203226857330445782,203225757818821907,203225208063009078
31|2021-12-24|12|14|35|203224933185114403,4814912600879939555,4814913425513655331,4814913425513655200,4814911776246210616,203225482940924202,4814911226490401526,4814913150635757219,4814912326002022382,203225208063009083,4814911501368296113,4814912875757846351,203226032696722256,203226582452538363,203226032696735962,203225208063004432,4814912875757846102,203227132208352027,203227132208359293,4814913150635746835,4814911776246214001,203225482940919861,4814913150635748068,203225208063008782,203224933185106206,4814910951612494927,203225482940914889,203225482940911591,203224933185113144,203225757818816170,203225482940910802,4814912326002022971,203226582452546718,203225482940909352,203227407086265841
32|2021-12-24|14|16|30|4814912326002018393,4814913425513649132,203226032696742503,4814912600879929019,203226032696742913,4814913425513659807,203225757818830288,203227132208352036,4814911776246210544,4814913150635744369,203226032696728179,203226307574632989,4814913150635751224,4814910951612497738,4814910951612497643,203226857330458346,203225482940913515,4814912326002035000,4814912600879944517,203226307574649821,4814912600879943975,4814912600879927443,203225482940921589,203226032696723196,203225757818814982,4814912326002016732,203226857330452535,203225208063022359,203227407086269737,203225482940927690
33|2021-12-24|16|18|39|4814912051124118231,203227407086268315,4814913425513659541,203226582452555881,203226857330443190,4814912875757836258,203227407086261418,203226307574630178,4814912600879936147,4814911776246223443,4814911776246209526,4814913425513649515,203225757818833524,203226857330446075,4814912600879943398,4814913150635753034,4814911776246216214,4814912600879941375,4814911501368295806,203227132208371067,203227407086265757,4814910951612496889,4814912875757833129,4814911226490395519,203226032696739398,4814912600879940085,4814911776246221284,203225757818822078,203226032696728890,4814912600879925852,203225757818829725,4814913425513648632,4814913150635741537,203225208063005535,4814911226490401517,4814910951612493807,4814912051124121741,4814913425513649415,4814912051124120626
34|2021-12-24|18|20|36|203225757818823129,4814913425513645121,4814913150635745898,4814912600879926609,203226032696723099,203226032696728655,4814912600879924350,4814912875757846820,4814911226490401391,203226032696737258,203226307574643086,203227407086272136,203225482940917444,4814913425513653509,203227132208370643,4814912600879942756,4814911501368305098,203226307574634785,203227132208365368,203226857330446955,203226582452555358,4814913150635739044,203224933185101916,203226307574642931,4814913150635758129,203226032696736377,203225757818833455,203225208063015654,203225208063009644,203226857330442752,4814910951612487024,4814913150635756563,203227132208353954,4814910951612490845,203225757818827138,4814913425513657824
35|2021-12-24|20|22|36|4814912051124130415,4814913425513647150,203226307574633655,4814911226490405086,203226857330455368,203225482940909174,203225757818831123,203225482940920655,203226857330452229,4814910951612491878,4814912326002020657,203227407086271857,203225208063011198,4814912326002035344,203226582452540819,203226582452556052,203226032696723687,203225208063020548,4814911226490388875,203226032696730250,203227407086265225,4814911501368304542,203226307574635208,4814913150635751637,4814910951612482660,203226582452540764,4814912051124128783,203225757818820256,203226582452539299,203224933185114825,4814910951612489073,203224933185115167,4814911226490404442,203227407086259546,4814912600879934116,203225757818819069
36|2021-12-24|22|24|34|4814912326002031228,4814910951612485417,203225757818835771,203225482940929141,203225208063014499,4814912051124125995,4814912600879923927,203226857330462389,203225482940926600,203224933185102910,203226582452541156,203227132208349479,4814912600879943809,203227132208357842,203224933185114776,4814911226490389867,203225757818822784,203225757818829771,203227407086257905,203226307574638469,4814911226490409541,203225208063011037,203226307574650213,4814912326002017633,203225208063015193,203226582452538090,203225757818835447,203225482940925308,203225757818830238,203225208063009843,4814911776246223259,203507507673452550,203508332307162037,203507507673445503
37|2021-12-25|0|2|26|203507782551341756,203507232795544960,4815192426589195107,203506408161816846,4815193526100839228,4815192976345013910,203508882062982174,203508332307156130,203507782551345530,4815194075856652812,203507507673447631,203507232795528860,4815194900490369630,4815193251222923172,4815194075856653418,203506408161807612,4815193251222916497,203508607185074124,4815192701467109044,203508332307156189,4815194900490364613,4815193800978744084,4815193800978733084,203506408161817502,4815194075856638116,203506408161823544
38|2021-12-25|2|4|28|203508882062974845,203507232795537070,203507507673447525,4815192976345017989,4815194625612453884,4815193251222916492,4815192701467112369,203508882062979915,203506408161813577,203508607185078192,4815193526100833891,203508057429250426,203506957917618975,203506683039720426,203507232795541429,203506408161813335,203506683039732320,203506683039714495,203507507673442318,4815192426589202422,4815194350734551454,203506408161813547,203508607185069810,4815193800978736999,4815193800978734149,203506683039727492,4815194350734559178,4815194075856639638
39|2021-12-25|4|6|33|203508607185062438,203508332307156536,4815194900490367157,203507782551350379,203508882062976831,4815194625612450883,4815193800978742663,4815193251222928549,203506957917636039,203508332307170549,4815193251222925874,4815192976345015142,203508882062975939,4815194350734550537,4815193526100828285,203507782551341010,4815194350734546699,203507782551339960,4815194075856639736,4815193251222928322,4815193251222933622,203507507673434833,4815192976345027251,4815194350734552256,203506683039711250,203508057429247564,4815192701467117290,4815193526100820723,203507507673440589,203508057429251287,203506683039716629,4815193800978731599,4815194625612467956
40|2021-12-25|6|8|40|203507782551351654,4815192701467106816,203506957917636201,4815193526100825286,203508607185069016,4815192701467110939,4815192976345018669,4815192701467116186,4815194075856640550,4815194625612460453,203507232795529654,4815192976345009672,203507507673445064,4815193526100829888,4815194075856648585,203508057429254064,203507782551341971,4815193526100821465,4815192976345012193,4815193800978745498,4815193800978745372,4815193800978734269,4815192976345012607,203507507673435088,4815194900490375630,4815194075856647440,4815193251222927476,4815192701467119277,4815192976345025424,4815194350734561142,203507782551349947,203508882062985819,203508057429251502,4815192976345020471,4815193526100830162,4815194900490372453,4815193251222928705,4815194900490368764,203507232795535408,4815194625612452558
41|2021-12-25|8|10|35|203507232795545197,203507507673443102,4815192701467117588,4815194625612462895,203508332307168550,203507507673442950,4815193526100828901,203508057429254056,203506408161809659,4815194075856650420,4815194075856641563,4815193251222919185,4815192426589211474,203506408161811659,4815194350734560641,4815192701467116119,203508882062986176,4815194900490357446,4815192426589208936,203507507673441641,4815194900490364108,4815194900490376060,203508607185064911,4815193526100828303,4815193800978734266,4815192976345007904,203506957917635617,203506957917624006,203506683039720402,4815194900490367937,203508057429253332,203507782551343903,4815193251222927456,203508332307170935,4815193800978731964
42|2021-12-25|10|12|37|4815192701467109963,203507782551356786,4815194075856641535,203507507673451978,203508882062981905,203506408161808428,4815192426589205819,4815193800978747730,203508607185077924,203506408161815452,203508332307156042,4815193251222930435,4815193800978737275,4815193251222924083,203507232795541372,4815193251222916017,203507782551355610,203508882062971748,4815192976345024649,4815194625612469073,4815193800978748377,4815194900490355505,4815193526100832426,4815192426589195603,203506957917628506,4815194350734546446,203506957917629833,203507782551355827,4815193800978740184,4815192701467104420,4815192701467110108,4815192426589209555,203508057429258513,203506683039727709,203506683039712907,203508057429265454,203506957917625631
43|2021-12-25|12|14|34|203508882062986035,4815193526100824677,4815194900490371657,4815194075856647451,203506957917628347,4815194075856653320,4815194900490356385,4815194900490371295,4815192701467107065,4815193251222927001,4815192976345007562,203506408161808391,4815194075856635205,203506957917626585,203507507673433223,203507232795531133,203506957917638771,203508332307167730,203508882062978479,4815193251222926191,203508057429264703,4815193800978748587,4815194350734555682,4815193526100834888,203507507673438220,203508607185073978,203506957917629044,203507782551355554,4815194625612448704,203508057429255171,4815192976345015901,4815194900490371770,4815192426589193555,203508882062983119
44|2021-12-25|14|16|34|203506683039719256,203506957917639455,203508057429261575,203508607185062541,4815194900490375238,4815192976345008909,203508607185066568,4815193251222914859,203506957917628056,4815192976345017213,203508607185071222,203506408161824075,203506408161814382,203508057429261012,4815193800978727668,4815194625612453591,4815192976345027586,4815193251222933276,4815192976345011823,4815193800978731931,4815192701467099897,4815192426589212566,4815192701467116478,4815193800978748211,4815194625612468393,4815194625612461426,4815194625612468822,4815193800978726953,4815193800978737318,4815192426589205712,4815194900490367226,203506683039725499,4815194900490375005,4815192701467120066
45|2021-12-25|16|18|34|203507507673436924,4815192426589210841,4815192426589204198,4815193251222930108,4815192426589195548,203507232795535973,4815193526100826637,4815194900490359287,4815194350734557990,4815193251222929700,4815194350734547763,4815194350734544859,4815194900490369144,4815192426589211595,4815192701467105330,4815193251222928216,203506957917632413,203508882062981788,4815192426589193156,4815194900490358149,4815194075856649701,4815192976345018425,203508607185061388,203508332307166362,4815194075856655205,4815193251222925355,4815192701467101376,203508882062980291,4815193800978741807,4815194625612450383,4815192426589205954,203507782551361070,4815193251222919091,203507507673446562
46|2021-12-25|18|20|33|203507232795530886,203506683039718117,203508607185075731,203506408161805224,4815192426589210503,4815194900490365498,203507507673445948,4815192976345009123,203508057429258998,4815194350734542578,4815194625612457836,4815194625612451520,203507782551344510,4815194625612468463,4815192976345020982,203506957917623277,4815194075856652671,203507507673444307,203507232795543977,203506957917634729,4815192701467108002,4815193800978744746,4815192701467115928,4815193251222918797,203508607185075111,4815194075856641128,203506683039724551,203506683039720346,4815193526100832165,203506957917639604,203506683039721698,4815192426589193556,203507232795534068
47|2021-12-25|20|22|34|4815193526100828165,203506957917618384,4815194350734546587,4815194350734558197,203506408161818880,4815194075856655398,4815194900490360153,4815192701467110324,203507507673437368,203508607185062809,4815192701467119487,203508057429253544,203506683039717349,203508332307173754,203508332307153597,203507232795545450,4815194625612466757,4815194075856650459,203506408161814706,203507232795535966,4815194625612468251,203507232795525598,4815194075856653230,4815194075856639191,4815193251222924410,203506957917621950,203508057429252400,203506408161824441,4815192701467103279,4815193800978744418,4815194350734545178,4815194625612452816,203508057429258305,4815194350734545973
48|2021-12-25|22|24|40|203508057429267638,203507507673446638,4815192426589209832,4815194625612468926,203507232795543027,203507782551354118,4815194900490362854,4815193251222929885,4815193526100831335,4815194075856638983,4815192426589198889,203507507673442075,4815192976345007207,203508607185079078,203507782551353771,203508332307155232,4815192426589205231,203506957917624573,4815193526100840394,4815192426589204828,203507507673449315,203508882062974780,4815194075856652054,4815193251222918254,4815193800978735156,203508882062985586,4815193800978740687,203508332307163533,203508882062982749,203506957917634692,203508882062972497,4815192426589205010,203507507673452370,203508607185064339,203507782551350171,4815194900490376136,203508057429267009,203787883138532506,203788158016429277,4815474451321731158
49|2021-12-26|0|2|34|203790357039687306,203790357039690068,4815476375467067300,4815475550833353079,203787883138532321,4815473901565915038,203788982650151748,203788707772235878,4815476375467068911,4815475825711264195,203789257528052675,203788158016442831,4815475001077533279,4815474176443816858,203788982650163190,203788158016430494,203788707772254682,4815475001077531444,4815475550833366609,4815475550833351468,4815476100589166856,203789532405977876,203789257528051931,4815474451321719089,203789257528064554,203788432894340381,4815475001077531932,4815475550833354816,4815474726199642284,203790082161785181,203788432894345789,4815474176443826169,4815475825711261174,4815476100589180157
50|2021-12-26|2|4|31|203790082161789936,4815474451321727691,4815474451321720719,203790357039683237,4815475825711271376,203788707772255934,203789257528063059,203790357039678519,203788158016440131,4815476100589177250,4815475550833345604,203788982650154234,4815475275955442668,4815476100589168491,4815474176443820514,4815474726199634531,203787883138522481,203789257528061147,203788707772254401,203787883138519574,203788707772247875,4815475275955449257,4815475550833360075,203788432894342912,4815476100589174628,4815473901565913223,4815476100589179628,203788707772239537,203789532405956874,4815475825711267084,203789257528060024
51|2021-12-26|4|6|46|203789807283883122,4815474726199641312,203788158016431178,203788982650164210,203788158016440396,203788982650153360,4815475001077535630,4815475550833352733,4815474176443819422,4815476375467074958,4815475275955451347,203789257528060661,4815474176443828572,4815475001077548835,203790082161776257,4815475825711265934,4815475001077551054,4815476100589166707,4815474176443809909,4815474726199642269,4815475825711257663,203790082161781585,4815475550833356432,4815476375467065578,4815474451321724126,203789807283879574,4815476100589170674,4815474726199644302,4815475550833361892,203788982650143635,203789807283882352,4815475001077539079,4815475550833366181,203790357039690712,203788707772249346,4815475001077549212,4815475550833348251,4815474726199634972,4815474176443821007,4815474176443818727,203788707772237356,4815475825711262888,203788432894331284,203788158016425711,203790357039690206,203789532405964558
52|2021-12-26|6|8|41|203788982650153399,203788982650162995,203790357039698534,4815474451321736153,203790082161787055,4815474726199642619,4815476100589174020,203788707772247405,203790082161791084,203787883138534022,203787883138517771,203788982650161643,203788982650146932,203789532405978119,203790082161779759,4815476100589166977,203788982650161541,4815476375467067937,203789257528054654,4815474176443826175,4815474726199630533,203789807283883377,203788707772237188,4815474726199636396,4815474451321736761,4815475001077534465,4815476100589159592,4815474726199643538,203788432894344481,203787883138520288,4815475001077548731,4815475550833365311,4815473901565920447,4815475275955450640,4815473901565911223,203788707772249404,203787883138525697,4815474176443830370,4815475825711260751,203787883138534418,4815474451321724308
53|2021-12-26|8|10|39|203787883138529940,4815474726199643983,203789257528051040,203787883138527981,4815475275955454852,203788982650152379,203790357039692735,203790082161789549,203787883138529456,203788158016437059,203788432894348525,203788982650162249,203790082161782432,4815474451321726481,4815475550833358327,4815475550833345984,203789257528061667,4815474451321730014,4815474726199630829,203788432894340365,203789807283866406,4815474451321717988,203787883138516090,4815475825711263993,4815476100589161758,203789807283863859,203790357039686536,4815476375467081900,4815474451321735404,203789257528068917,4815475001077548807,4815475825711269241,203789532405961314,203787883138524824,4815475825711267499,203790082161780531,4815476375467082312,203789257528070451,4815476375467075913
54|2021-12-26|10|12|37|4815475275955446986,4815474451321718905,4815475825711266036,203787883138531276,4815473901565923473,203790357039697846,203788707772254730,4815475550833352152,203789807283875339,203790357039692279,4815475825711257474,4815473901565909060,4815473901565909660,4815474726199633015,203787883138530772,4815475550833347873,4815475825711260755,4815476375467069780,203788982650152034,203790357039685732,203787883138528039,4815473901565914427,4815476375467065607,203789532405977007,203790357039693282,4815476100589171213,4815473901565918335,203789257528053075,4815474451321721330,4815473901565913053,4815475275955440141,203789807283868873,203788158016440603,203789257528056041,203788432894332109,203789532405972308,203788707772236833
55|2021-12-26|12|14|33|4815475825711272483,203788158016437124,203787883138519898,203788158016430168,203787883138528068,4815473901565906710,4815476375467071601,4815475275955441183,4815473901565904545,4815475825711269757,4815475275955438814,203787883138529143,203788158016443399,4815474726199644396,4815475001077540962,4815475275955443363,4815476100589171193,4815473901565911437,4815474176443813440,203789257528065965,4815474726199631593,203790082161791868,4815475550833353172,203788432894329148,4815474176443831463,203788432894342978,4815474176443816453,4815475825711268401,4815475550833359789,4815475275955451990,203788432894349381,203789257528068877,203787883138529218
56|2021-12-26|14|16|32|4815474726199627225,203789257528064466,203790082161788325,203789532405968704,4815475825711255200,203789532405968823,203788982650151687,203788982650143841,4815475275955451913,203790357039695292,4815475275955453324,4815476100589176759,4815474726199644605,203787883138534525,203789257528067529,4815474726199631390,4815475001077536079,203790357039693944,4815474176443821658,4815475001077534902,4815474176443827129,203788158016424568,203787883138532477,203788707772249971,4815473901565906456,203788158016432640,203787883138519085,203790082161776298,203789807283885328,203789257528052061,203788158016428884,203788158016441260
57|2021-12-26|16|18|31|4815474451321717256,4815474726199637756,4815474176443823591,4815474726199643139,4815474176443810698,4815474726199635377,4815474451321733693,203789807283872730,4815475001077542666,203788158016432082,4815475275955449406,203787883138530008,4815474726199629401,4815475001077535233,203788982650155568,4815476100589158848,203789532405976199,203789257528053716,203789807283874092,203788158016443679,203788707772253029,203787883138518950,4815474726199635185,203790357039688842,4815475825711271181,4815476375467078141,4815475001077544258,203788707772257553,4815475825711257774,4815475550833355967,4815475001077538014
58|2021-12-26|18|20|37|4815474726199640914,203787883138535670,203788158016435710,4815474176443811336,4815475275955444570,203788432894330698,4815474726199631341,4815473901565911621,4815475825711259047,203789807283863592,203790357039684225,203788982650143009,203789807283873732,203789532405976681,203788982650151987,203788982650158048,203789257528056375,4815475001077537462,203788158016428460,4815475825711257234,4815474176443814618,4815475001077531593,203790082161779752,4815475825711258324,203788432894343055,4815476100589163985,4815474726199627363,4815474451321721461,203788982650146059,203788982650164347,203790082161774520,203788432894335125,203788982650161891,203788158016433544,4815474176443810687,203789257528062658,4815475275955451333
59|2021-12-26|20|22|35|203788158016438020,203789532405973642,203787883138529828,203790082161781654,4815475550833364091,4815475550833346081,4815473901565920454,4815473901565924491,203789532405972875,4815474176443823216,4815475001077548455,203789532405964607,4815474726199637512,4815475275955456680,203789807283873837,4815476375467066505,4815475825711258250,4815473901565921150,203789257528065401,203788158016424067,203788158016433528,4815475001077539725,203789532405970757,4815475001077531923,203788432894336654,4815474726199633006,4815476375467079799,4815474451321718301,4815476375467075618,4815474176443828553,203790082161784343,4815474726199639520,203789257528051489,203788432894346052,203788432894345494
60|2021-12-26|22|24|39|203789257528052903,203788158016438668,4815475001077541065,203788707772241152,4815473901565917241,4815476375467083795,203788707772249076,4815476375467079414,4815474176443821231,203789532405970160,203788158016443894,4815476100589179417,203788982650164230,203789807283871178,4815475550833363199,203788707772237381,4815474176443829357,4815474451321723927,4815476100589169124,4815476375467072042,4815476100589163336,4815474176443820267,203788432894337726,4815473901565920808,4815474726199642035,203789807283870012,203788707772251153,4815473901565909014,203789807283865980,4815476100589176198,203790082161789409,4815473901565923732,4815473901565908416,4815474451321729280,4815476100589169435,203789532405960743,4815756476054256670,204070732504769287,204069358115239335
61|2021-12-27|0|2|34|4815757300687973989,4815757850443776617,204071557138490796,204071832016404718,4815757300687983441,204069632993151870,204069907871045091,4815757575565887767,4815756476054250682,4815755651420541691,4815756476054257565,4815757575565880846,204070457626873845,204071832016400054,4815756201176337262,204071007382675930,4815755651420529273,204071282260575515,4815756476054250748,4815756476054260653,204069632993141669,204071007382675246,204069632993146990,4815755926298441012,4815755651420531300,4815757300687962153,4815757575565869604,204070732504778864,204071007382678669,204070457626865154,204070182748966175,4815757850443787069,204071832016405251,4815756201176353610
62|2021-12-27|2|4|38|4815755651420541891,4815756201176337176,204071282260581998,204069358115245359,204069907871055823,204069358115240399,204071557138481944,204070732504769801,204071557138499993,204070457626859492,4815755376542620403,4815756476054244278,4815755376542626029,4815756750932161079,204069632993135702,4815757300687982507,4815757300687965103,204071832016396297,204070182748951803,204071832016399751,4815757850443789052,204070182748962435,204071282260587784,4815757575565885621,204071007382687715,204069632993152706,204069632993135841,4815757300687975774,204070732504760540,4815755651420520620,4815756476054260377,204069907871046447,204069358115232892,4815757025810058620,4815756201176346924,4815756750932156029,4815756201176346718,4815755651420521939
63|2021-12-27|4|6|44|4815757850443794576,204070732504760345,204069358115231706,204071282260587016,4815756476054254344,204070732504778701,4815757300687982332,204071832016391672,204069632993152754,4815755376542633093,4815755376542632534,4815757025810073296,4815755926298436874,4815755376542625049,204070732504764946,204069358115234731,4815755926298434498,4815755926298432642,4815757025810056512,204070732504780356,204071007382671737,204070457626867307,4815756201176342689,4815756476054258162,204070732504775535,4815756476054253493,204070182748959122,204069632993146960,204070182748963079,204069358115243760,4815757850443786505,204071557138494079,204070732504775512,204071557138496382,4815757575565878320,204069632993143317,4815756750932169132,4815756201176340040,4815755376542626071,204069632993133375,204069907871045481,4815757850443779433,204070457626864818,4815757300687977891
64|2021-12-27|6|8|43|204070182748954730,204071832016402137,4815756201176341071,4815755926298446470,204071007382684474,204071557138493938,4815755926298448168,204071007382675022,204069632993145657,4815756476054242631,4815757025810061238,204071557138490916,204071557138487590,204071282260587408,204071557138485550,4815757850443792010,4815755926298442036,4815757850443795986,204071557138490064,4815757850443777629,204071007382679408,4815757575565878486,4815756201176356178,204071282260584634,204071282260576334,204071832016389461,4815756750932166451,204071007382674413,204069632993150080,4815755651420536810,204069358115237756,204070457626863141,4815757025810067187,4815755651420528933,204069358115227297,4815756201176337188,4815756750932161409,204071557138484766,204071832016396691,204071282260587564,204071007382676858,4815756476054243155,4815757025810072835
65|2021-12-27|8|10|43|4815755651420533614,204071007382686360,4815755651420525317,204070732504762454,204071557138489385,204071282260582236,204071007382671492,204071007382672643,204070457626870948,4815757850443776743,4815757300687977774,4815757025810072050,204071557138486735,204070732504773038,4815757300687981914,4815756750932165840,4815755376542630199,4815755651420530440,4815756476054256830,204070732504764852,4815756476054242290,204071007382686061,204071007382668524,204071282260577383,4815756201176343080,204071282260594931,4815757575565884968,4815756476054256769,204071832016399069,4815757025810062456,4815757300687972233,4815756476054251827,204070457626867239,4815756476054260083,4815756201176350935,4815756476054258132,4815756476054249260,204069358115228628,204069632993141712,4815757575565882372,4815757025810075096,204071832016394944,204071282260589022
66|2021-12-27|10|12|33|204070182748966687,204069632993153209,204071282260594851,4815755376542624692,204069358115237468,4815755926298436297,4815755926298435666,204071557138492654,4815755376542622823,204071282260585760,4815757025810060826,204069358115237449,4815755926298434253,4815755376542617445,204071832016401351,4815756476054243670,204069632993134237,204069358115244251,4815757575565877822,4815757850443782517,204070457626853415,4815757850443776492,204070457626872604,4815756201176337760,4815757025810055350,4815756476054259241,204070182748968243,4815756750932149734,204071557138485190,204071007382669184,4815756750932164466,4815757025810072366,204070732504775592
67|2021-12-27|12|14|22|4815755376542619200,4815755376542634277,4815755651420527086,4815756201176346019,204071007382670214,204071007382676000,4815757025810063070,4815755926298439206,4815757025810059842,204070457626869500,4815756476054262751,204069632993146981,204071282260588602,204070732504776329,4815757850443776310,4815757300687963362,4815757025810062737,4815757575565879140,4815755376542631650,4815757575565876789,204070732504760631,4815757850443777965
68|2021-12-27|14|16|33|204069907871039729,4815757300687975601,204071282260574555,4815757300687969838,4815756750932166168,4815757300687983820,4815756476054251028,204069358115238846,4815755926298430591,204069632993154382,204070732504778573,4815756201176354899,204070182748967157,4815755926298429740,204070732504761186,204070732504775055,4815757300687972046,204069358115229452,4815756476054261378,204069358115238175,204069358115239617,204071282260594245,204069907871057765,4815755376542632025,204069632993145347,4815757025810072705,4815756201176349698,204069632993147048,4815755926298446505,204071007382680891,204069358115244067,204070457626873197,4815757300687972466
69|2021-12-27|16|18|33|4815755651420534285,204070457626873106,4815757575565890721,4815756476054257966,4815757850443781133,4815755376542620347,4815756201176341513,4815755926298435803,4815755926298444368,204070457626874491,204070182748957687,204069358115227819,4815755926298444602,4815756201176348340,4815755651420531221,204069907871054669,4815757850443781706,204071282260576486,4815757025810063222,204071832016407522,204071007382676816,4815756750932149866,4815757575565884586,4815756476054245343,204071557138493388,204071007382669760,204069358115244958,4815757575565887855,204070457626858061,204070182748967734,4815756201176344982,204069907871048320,4815757850443789709
70|2021-12-27|18|20|39|204071007382687710,204069907871044291,4815757850443783287,4815756476054254397,204069632993145758,204070457626855871,204070182748951442,4815757850443778996,4815757850443796548,4815756750932155104,204069632993134803,204070732504768099,4815755376542625270,204070732504770026,204071007382677413,4815757850443781541,204069907871056208,4815756201176340308,204070457626871941,4815757850443785360,204071007382680077,4815756476054255373,4815756201176354840,4815756476054253729,4815755926298443361,4815757850443795336,204069632993144329,4815757850443781787,4815757575565875433,204069907871048449,4815757025810056172,4815757575565886882,4815756750932151141,4815757850443782784,204070182748954015,204070182748952301,4815757850443786560,4815755651420531118,4815757575565880964
71|2021-12-27|20|22|39|4815757575565887776,4815755926298435344,204070182748946514,204071832016392983,4815757575565869453,204069358115228977,4815756476054252629,4815757850443796837,204071007382682962,204071282260586954,4815755376542615753,4815756201176339835,204070732504772676,4815755376542618108,204071557138482064,4815755651420537088,204071282260585151,4815756476054259059,4815755651420521654,204069358115244738,204070732504776732,204071007382671644,4815757025810063867,4815755651420534262,4815757025810076975,204069358115238331,4815757850443791622,4815757850443778363,4815756476054256847,4815756201176353895,204069358115246374,4815756750932158493,4815756201176350954,4815757300687977389,204071557138490894,204071007382671150,204070457626864802,204070732504781213,204069907871042107
72|2021-12-27|22|24|39|4815755651420537214,204071282260583343,4815756201176336486,4815757575565885493,4815757025810058769,4815756750932165479,204070182748955047,4815756201176347965,204071282260587493,204071282260586369,4815755926298430638,4815755926298431364,4815757025810068916,4815757575565883340,204071007382668919,204071557138493631,204070182748962586,4815756201176349145,204071557138494975,4815756476054252222,204069358115239640,4815756750932150244,204071007382682686,204071832016403963,4815755926298439210,204069358115228581,4815756476054244670,204071832016395323,4815757300687976958,204069358115234738,204071832016393205,204070732504780736,204071832016395350,4815757025810064342,4815757300687978195,204069907871054443,4815757300687983826,204071832016402569,204350833091953637
73|2021-12-28|0|2|33|4816037951030960648,204351382847753375,204352757237293743,204351382847761391,4816037126397237137,4816038775664694324,4816038775664677256,204353032115197145,4816038775664680455,204353032115211304,204353306993106214,204352757237299786,204351107969862115,204351382847760648,4816038500786781100,204351932603573375,4816037676153051858,4816037951030965165,204352757237298739,204351657725659778,204352482359384311,4816038500786782990,4816037126397248686,204353032115213174,204353306993100702,204351932603576131,204351107969854618,204351932603566523,4816037676153051433,204351657725657277,4816039050542585242,4816037676153063094,204353032115195895
74|2021-12-28|2|4|28|204351932603577274,4816036851519334738,4816037676153047901,204350833091940868,4816038500786783910,4816038500786775459,204352482359399614,204351657725661496,4816038775664693399,204351657725669067,204350833091951170,4816039050542600036,4816037126397237641,4816037126397240188,204350833091949838,204351657725667655,4816037951030969219,204353306993116372,204350833091937931,4816038225908867386,4816038775664689687,4816038775664680056,4816037401275158597,204350833091942849,4816037676153063713,204352207481484488,4816037401275140670,204351107969859847
75|2021-12-28|4|6|30|4816036851519327235,204352757237293579,4816039050542583619,4816039325420486705,4816036851519329470,204353306993117414,204351382847771193,4816038225908877970,204351657725666563,4816038500786777726,4816037951030957289,204350833091951442,204351932603577931,4816038775664689727,204351107969844330,4816038500786771747,204352482359391915,4816036851519344269,4816037401275153961,4816038500786767038,204351657725669933,4816037126397251025,204351932603578778,4816038775664692125,204353032115208512,204352207481473699,204352757237297768,204353032115204109,4816038500786769301,4816039325420487185
76|2021-12-28|6|8|22|204351932603570111,4816036851519331750,204352207481491527,204352757237287753,204351657725664865,4816039325420502151,204353306993109223,204351657725671882,204351382847759953,4816037676153051983,204351382847771535,204351382847764365,4816038775664686049,4816037401275159137,204353306993120314,4816039050542596209,204351932603582099,4816038225908871865,4816039050542597306,4816037401275153574,4816038775664679042,204352482359379466
77|2021-12-28|8|10|24|204351382847771802,4816036851519334014,204351657725657742,204353032115202725,204353032115197242,204351932603581810,4816038775664692813,4816037676153055995,4816038500786773998,204351382847753228,4816037951030962829,4816037951030970225,204353032115203950,204352482359380451,204352757237300774,204350833091939147,4816037676153063131,204352482359386537,204351107969852492,4816037676153053373,204351382847771165,204353032115193998,4816037401275159473,4816036851519331909
78|2021-12-28|10|12|30|4816037126397237743,4816036851519344952,4816036851519324728,204353032115194929,204353032115193955,204351932603569487,204353032115212378,4816037401275147568,204353306993110816,4816039325420506853,4816038500786767099,204352757237291741,204352207481484726,4816038225908874494,204351382847767024,4816039050542587407,4816038500786786006,4816037126397231864,4816039050542593382,4816037401275139421,204351107969861472,204353306993103098,204352757237291652,4816038500786786713,4816037126397233829,204352482359392658,4816038775664684444,4816036851519339648,4816037401275139484,4816037951030953603
79|2021-12-28|12|14|38|204351382847758045,204350833091957668,4816038500786769275,4816039050542585234,204353306993113677,4816037126397236822,204351657725662323,204352207481475783,4816036851519341762,4816036851519333639,4816037951030971466,204353032115211860,204352757237298767,204351107969864338,204352482359397116,4816038775664681374,204350833091947768,4816037126397233184,4816037676153065628,204350833091950095,204353306993099661,4816039050542590471,4816037126397241775,4816039325420488552,4816037951030957405,4816037126397251736,204352207481487931,4816039325420506023,204353306993104109,4816038500786767014,4816037676153062023,4816039050542600874,4816038500786769687,204352207481485476,4816038775664675525,4816038225908870164,4816037126397241478,204352757237300422
80|2021-12-28|14|16|36|204351657725675012,4816037676153048106,204353032115212957,204353306993119737,204351382847771691,4816037951030956094,204352207481491766,4816039050542588091,204352207481477130,204353032115209699,204352207481477659,204351657725674170,204351107969846106,204352757237285076,4816037676153047243,204352207481489278,204351107969854729,204352207481492051,4816038775664690543,4816037951030970995,4816036851519333943,204353306993108069,4816038500786769108,4816039050542585208,204351932603579267,4816038500786767745,204351932603572509,204352207481483992,4816039325420493999,4816038500786770572,4816038500786767627,4816039050542593582,204351657725679028,4816037951030962842,204351657725657221,204351382847758321
81|2021-12-28|16|18|28|204350833091944454,204352757237291552,204352757237289682,204350833091951316,204352482359398229,204350833091940109,204353032115195359,4816039325420502941,204353306993101723,204350833091936603,204352482359398007,204351107969850555,204351382847755147,4816037401275150035,4816036851519326368,4816037676153045480,4816038500786773031,204353306993105576,4816038775664676691,204352482359390112,204351107969858400,204351657725659035,204351382847771139,4816038500786778222,204351382847756777,204352482359394316,4816037951030955089,4816038500786768803
82|2021-12-28|18|20|27|204351382847753037,4816039325420491559,204352482359395975,4816038500786784408,4816037951030957017,4816037126397233210,4816037676153063737,4816037676153065863,204351107969862677,4816038225908869125,204351657725665584,4816038775664676735,204352482359393217,204351107969853137,204353032115195490,204352757237305916,204353032115197786,4816038225908879867,204352207481480297,4816039325420491194,204352207481482008,4816036851519325205,204350833091951653,4816038775664694156,4816037951030959330,204351657725664120,204352757237284943
83|2021-12-28|20|22|36|4816039325420501448,204353032115205925,204352757237302325,4816038500786766157,204351382847769169,204353032115203995,204352757237286909,4816038775664691937,4816038225908873377,204351657725662773,204350833091937332,204352757237305017,204353032115205088,4816038775664689120,4816038225908869441,204353306993106291,4816039325420497227,204350833091946305,4816039325420505750,4816037951030954484,204351382847750322,4816037951030963410,4816037951030962968,4816036851519325461,4816036851519345642,4816037676153046519,4816038500786771315,4816037951030963096,4816038225908877132,204352757237285904,4816038775664685420,4816037401275146157,4816036851519336858,4816037951030967864,204352757237294722,204350833091944136
84|2021-12-28|22|24|40|204353032115194963,4816037676153047751,4816037676153066621,204351932603568366,4816039050542582316,4816037401275145281,204353032115207642,4816038775664690811,4816036851519329910,204352207481491105,204352207481485048,204351107969860062,204352757237300131,204352757237306625,4816036851519332618,204353032115196654,4816037951030969071,204351657725677690,204352482359397093,204352482359397851,4816036851519340047,4816037951030953189,204353306993120456,4816036851519337468,204352757237286626,204351382847766822,4816037951030954323,204350833091938972,4816039325420487119,4816037676153049973,4816038775664674138,4816036851519343358,204351657725678650,4816037401275150830,204352482359396248,4816036851519327382,4816037676153049151,4816318326496054895,4816318326496053759,204633682458190339
85|2021-12-29|0|2|26|204632582946567789,4816320800397205080,4816320525519303724,4816319426007663316,204633132702375325,4816318601373960019,204633407580279292,4816319975763488108,4816319426007669743,204632308068659278,204632857824482266,4816319426007682730,4816320800397210024,4816320800397218524,204633682458187664,4816318601373943249,4816319151129767925,204634232214013512,204632857824479639,204634507091921686,204632582946565842,204633132702384155,4816319700885573691,4816319426007667606,4816319426007675443,4816319700885584839
86|2021-12-29|2|4|26|4816319151129775240,204632582946572812,4816320800397207494,204633407580280450,4816318876251864544,204632582946570304,4816319151129770114,204633957336101587,204632582946575238,4816319700885574919,204633407580275118,204634781969827991,4816320800397217109,204633957336099374,204634232214002196,204632582946570637,4816320525519297318,4816319151129772125,4816319426007676858,4816320250641388502,4816318601373944081,4816319426007683551,4816318876251851595,4816318876251849732,204634232214012630,4816318601373951954
87|2021-12-29|4|6|41|204632308068660801,4816319151129767039,4816320525519307496,4816319151129775472,204632857824475205,204633407580286049,4816320800397218295,4816319700885569891,204634507091922239,204632582946561691,204633132702379193,204633132702379717,204634507091907375,4816320250641384644,4816320250641391391,4816320250641389756,204632308068654141,204633682458189270,4816320525519290659,204634781969815825,4816318601373958140,204634232213997609,204632582946569204,204633407580282363,204632308068654763,4816319975763492331,4816318326496047328,204632308068667012,4816320250641395504,4816319700885571991,4816320800397208680,4816318876251869105,204634781969810952,204634232214005618,4816319975763497858,4816319151129763156,204632857824481918,4816318326496040271,4816320525519301695,4816320525519309200,4816318876251867569
88|2021-12-29|6|8|45|204632582946569365,4816318326496049795,204632857824466124,204633682458199513,204634232214016644,204632308068658586,204633682458187195,4816320800397214532,4816319151129769816,4816318601373958228,4816319151129767934,204634507091922199,4816319700885570020,204632582946554747,4816318876251853151,204632582946555471,4816318876251853974,4816319426007673812,204632582946572009,4816319975763496456,4816319151129773300,204632582946561353,204633407580275105,4816319975763494279,204634232214016295,204632308068653025,4816318326496043592,4816319975763477500,204634781969811569,4816318326496038874,4816318601373944251,204633682458193931,204633682458194997,204633957336095671,4816318876251851885,4816319700885582800,204633957336103652,204633682458187435,204632308068656740,204633407580284623,4816319151129756129,4816320800397210816,4816320800397215551,204634507091915355,204632582946572163
89|2021-12-29|8|10|30|4816318326496035585,4816320250641384379,4816318326496050017,204632857824462968,4816318876251852491,204634781969813694,4816319426007670950,204632582946562161,204633682458202833,204634781969810356,204632582946555886,204632857824465456,204632857824467563,204634507091906322,4816320525519303702,4816319700885581836,4816319426007663667,204634507091904434,4816320800397199894,204632582946563867,4816319151129758183,204633407580275440,4816319426007676268,204634781969829228,204632582946575718,204633957336100229,204632308068657511,204633132702386938,4816320525519306751,4816319426007670281
90|2021-12-29|10|12|35|204632582946571798,204634232214005339,4816318326496050475,204634781969810858,4816319975763485619,4816319426007677333,204632582946574137,204632582946554351,204633682458189065,204634232213999905,4816319975763485611,204634232214006419,4816320525519295754,204633132702377299,4816320250641393797,204634507091913342,4816320800397212468,204634781969816508,4816318601373958627,204632308068653227,204632582946554051,204632857824481952,204633407580274974,4816319975763493047,4816318326496052896,204632582946556567,4816318601373955272,4816320800397210099,204633682458198683,204633682458193664,204632857824477070,4816320800397217082,204634507091905887,4816318326496040654,4816320525519303957
91|2021-12-29|12|14|41|4816319151129760771,4816320250641400374,4816320800397213679,204634781969817216,204632308068657308,204632857824477408,4816320525519291988,4816319700885579962,204633132702372592,4816319700885575801,4816318326496052111,204633132702368480,4816319151129760081,4816319151129771217,4816319700885583099,4816320525519298780,204633957336104781,204633407580294777,204632582946559859,4816319975763496170,4816320525519308153,4816320250641404769,4816319426007667323,204633132702380050,4816319700885584703,4816319975763492561,204632308068650955,4816319975763481680,204632857824470704,204632582946559794,4816319426007682380,4816319975763482792,204633407580296044,4816319975763489675,4816319426007662979,204633682458202194,204632582946572195,204633957336109193,204634232213996963,4816319151129772756,4816319151129772786
92|2021-12-29|14|16|29|204633682458194440,4816319151129762799,4816318326496044746,204633957336102266,4816318601373942013,204633682458202238,4816318326496048709,204633957336107093,4816319975763494876,204633407580277382,204634232214016651,204632582946560794,4816320800397198624,4816319975763476906,204632308068657629,4816318601373953759,4816319975763477526,4816318326496043325,204632308068648865,204633957336096170,4816318601373960994,4816319426007673372,4816319426007668090,204633682458193530,4816318601373952648,4816320525519299671,4816320525519302675,204632582946554457,204633132702376736
93|2021-12-29|16|18|29|4816320525519290886,204634232214011377,204632857824464355,204633132702372641,4816318876251861484,4816319151129770166,204633132702378380,4816318876251849007,204634232214016613,204632308068665182,4816318876251862331,4816319151129759407,4816320525519309367,204632582946555867,204634232214008804,204633957336108886,4816320800397209176,204633132702372405,204632857824478126,4816318601373962302,4816319700885570041,204633132702378932,4816318326496037741,4816319975763482832,4816320525519299450,4816318326496040726,4816320800397201060,204634781969824080,4816319151129766156
94|2021-12-29|18|20|41|4816320525519292822,204633132702382462,4816319426007674149,4816319975763496244,4816320525519303300,4816320525519299518,204634507091910228,204633407580278688,4816319975763497268,204634507091923695,204632582946557523,4816320525519310254,204633682458182218,204632582946562415,204632308068660068,204634232214002289,4816318601373959589,4816318326496050768,204633132702367891,204632582946561377,4816319426007674398,204633682458189414,204632308068664669,204634507091906282,4816318876251858355,4816318601373953599,204634781969810127,4816320800397206711,4816318876251849598,204634507091911328,204632308068664165,204632308068656610,4816320800397211679,204634781969816581,204634232214008584,4816319426007683830,4816318601373958410,204633957336096623,204633407580290461,204633957336093408,204632308068652742
95|2021-12-29|20|22|46|204633957336096082,204634232214005377,204634781969826717,204634232213999967,204633957336103771,4816319151129757015,4816319151129771317,4816318326496054854,204634507091903045,204633407580277431,204633132702388191,4816320250641398139,4816319975763481606,4816319700885576151,204634232214006960,4816319426007678787,204634232214007201,4816319151129758707,4816318601373944294,4816319426007667423,4816319975763480741,204633132702376232,204633682458196443,204633957336103847,204633407580281283,204632308068664254,204633132702386980,204633957336109638,4816319700885581686,4816318601373956790,204632582946565554,204634781969817688,4816320525519298866,204633957336090164,204632582946560036,4816318876251857946,204633682458185967,204632857824462784,204634507091913857,4816319700885584556,4816320250641405155,4816319151129770809,204633957336108494,204633682458196389,204633957336096804,204633682458201594
96|2021-12-29|22|24|31|4816318601373944854,4816318876251853654,204634232214015592,4816320800397204703,4816319151129775992,204632582946563602,4816320800397197445,204633132702384258,204633682458186755,4816320250641398389,4816320525519301146,204634507091924083,4816318601373956522,204634232214010996,4816320250641396082,204632308068651109,4816318601373963167,204634507091905427,4816318601373962561,4816320250641404975,4816319975763487135,204633957336095008,204632857824467838,4816320250641403605,204634507091912170,204632308068665541,204634232213999961,4816318326496040543,4816319151129757333,204633407580277714,204632308068648018
97|2021-12-30|0|2|47|204914882556990001,4816601725618096884,4816602275373915160,204915432312799961,4816601175862284339,4816600900984388995,204913783045358056,204915982068632467,204916256946524010,4816601450740201820,204915432312806174,4816601450740207536,4816599801472753401,204914607679091542,4816599801472762770,204915982068628744,204914882556989219,4816602275373922641,4816601725618097522,4816601725618106390,204915432312804498,204914882556987277,204915157434909621,4816599801472766208,4816600351228571473,4816600626106486668,4816600900984378429,4816600626106470686,204914882556993914,204916256946520999,204914882557005668,4816602275373927457,4816601725618107977,4816600900984375436,4816600626106468762,204915432312811699,204915432312799679,4816601725618095902,4816600900984378513,204914607679079137,204914332801180314,4816602000496015099,204914882556991411,4816601175862286028,204913783045371638,204915707190711300,4816601450740190384
98|2021-12-30|2|4|38|4816601175862296304,4816602000496016259,4816600626106478619,4816600351228571590,204914332801179368,4816600076350663714,4816601725618110028,204916256946521535,204915982068624040,4816600351228580188,204916256946521412,4816599801472749216,204913783045363142,4816600351228564187,204913783045372648,204915707190716846,204915432312819676,204914057923276834,204915157434897564,4816601450740197808,204914057923266832,4816600900984376944,4816602000496018582,204916256946523874,4816599801472746894,204915157434894629,4816601175862298144,4816600351228560530,204914882556995951,204914332801173166,204915157434905225,4816601725618103156,4816600076350673708,204915707190720102,4816601450740192731,204914332801182677,204916256946536655,204915707190723596
99|2021-12-30|4|6|46|4816601450740194163,204916256946532896,204915157434899680,4816600626106467038,4816600351228560764,4816601450740198242,4816601450740192619,204916256946525755,204914607679083646,204915982068634762,4816599801472750844,4816602275373909824,4816601725618113333,4816600900984384053,4816600900984388609,204914607679098592,204915982068626689,204916256946537892,204913783045364190,4816599801472753109,204914882556995561,4816601175862292197,4816599801472755302,204916256946520564,204915982068617528,4816600900984382380,204915432312817836,4816600076350658605,4816599801472757583,204915432312817567,204916256946534312,204915157434892486,204916256946532812,204916256946534634,204914332801189398,204914882556986292,4816601450740194596,204914332801182131,204914332801187896,4816601450740192506,204914882556994470,4816601725618094793,204915707190720393,4816600351228581084,204913783045370276,4816602000496003762
100|2021-12-30|6|8|43|4816601725618100642,204914882556997797,4816599801472746652,4816600351228559425,204916256946537696,4816600076350652885,204914332801177189,204914057923278710,204914607679097383,4816601725618095908,204915982068620914,204915157434910378,4816600076350671782,4816601725618099498,204913783045366236,204915432312811112,204913783045370366,204916256946527151,4816601725618099972,4816601450740203946,204914057923264611,4816599801472762129,204915157434899354,4816601725618105918,204914607679091047,4816600076350664445,204916256946537328,4816600351228560709,204915157434893363,204914332801189914,204915157434908111,204914057923270042,204916256946532624,4816601725618110848,4816600900984377462,4816602000496020920,4816600351228560124,204915157434892936,4816600900984376207,204914607679090923,4816601725618101048,4816601450740194890,204916256946535572
101|2021-12-30|8|10|30|4816601725618102559,4816600076350663249,4816602275373911579,4816601725618111312,204915432312813982,4816599801472754224,4816600626106467144,4816599801472765455,4816600626106473563,204915982068618204,4816600076350659815,4816601450740192051,204916256946530569,204916256946528837,204916256946537561,4816600626106486190,204914332801172514,204914882557002546,4816600900984388372,4816602275373909876,4816601725618106446,204913783045369437,4816600351228575954,4816601175862300331,204914607679093671,204915157434895565,4816601450740189687,204915707190722059,204914882557006164,204913783045367570
102|2021-12-30|10|12|42|4816599801472752218,204914057923283131,4816601175862300317,204915707190708437,204915982068619308,4816601725618105098,4816599801472755585,204916256946534843,204913783045378971,4816600900984375994,204914332801183270,204914607679086105,4816600900984391035,204914332801176420,4816599801472766660,204915157434910750,204914607679082966,4816600900984393431,204916256946533308,204916256946536158,4816602000496004435,204914057923276129,204916256946539092,4816600076350671496,4816602000496011556,204914607679097255,204914607679091282,4816602000496009372,204915707190716534,204914882556995368,4816600900984381142,204914057923264751,204915707190720174,204913783045362006,4816601175862290824,4816601450740192111,204913783045357580,204914882556992131,204914057923284502,4816600076350653827,4816601175862297406,204916256946528388
103|2021-12-30|12|14|37|4816602275373917888,204914057923271391,204915157434899934,204914057923274815,204914882556990320,204915432312800140,4816600076350673502,4816602275373929695,4816601450740202024,204915157434900925,204915157434909676,4816600076350654860,204915707190718568,204915157434900465,4816600351228570680,204914882556987267,204915432312813242,204915157434906496,204915982068630657,204915707190712763,4816600351228572269,204914607679088590,204915157434909031,4816600626106479816,4816602275373922586,204915707190719848,4816602275373926158,4816602275373923443,204915432312805361,204914057923270395,204915707190724753,204915432312806939,4816600626106480631,204913783045372559,204915707190726657,204915707190711319,4816601725618105400
104|2021-12-30|14|16|46|204914607679090897,204914607679089795,204914882556994457,204914607679087753,204914607679087739,4816600351228567646,204913783045362936,204913783045364126,4816602275373915824,4816599801472753195,4816601450740202220,4816601450740207031,4816602000496011629,204915432312818961,204914332801181194,204914057923279849,204916256946526815,204916256946524827,4816599801472765947,204915982068619367,4816600900984389333,4816600900984381742,4816602275373928530,204915157434897259,204914332801173214,204915432312818854,4816602000496019577,204916256946531586,4816601450740204738,4816601450740205570,4816599801472764522,204916256946539499,4816600076350671290,204914332801178121,204914607679079374,4816602275373920472,4816600351228572569,4816600076350661042,4816601450740205197,4816600626106482255,204914607679083747,204914057923266682,4816600626106475434,4816600626106479382,4816599801472766970,4816601725618112022
105|2021-12-30|16|18|26|204914882557003997,204915982068629682,4816600351228576171,204915157434911088,4816601175862285036,4816602275373911306,204914057923265182,204916256946540906,204914332801177850,4816600351228572925,4816602000496019103,204915707190713338,4816599801472763451,4816601450740188763,4816601175862297376,4816600900984382315,4816600900984377177,204915707190721486,4816599801472764413,204915982068613678,204915157434898007,204915157434912265,204914332801181621,204913783045369760,4816600900984387344,204913783045376988
106|2021-12-30|18|20|31|204915157434902784,4816601725618103928,204914607679080025,4816600351228581362,4816602000496018826,4816601725618101242,204914057923285696,4816601450740204402,4816600626106476958,4816600900984377235,4816600351228572832,4816602000496006430,204915707190709340,204914607679087291,4816601450740190173,204913783045362549,204915982068630655,204914607679094027,204914057923284192,204915982068624892,4816601175862285796,204915982068626722,204914057923270892,204915432312805369,4816600900984393450,204915432312817622,204915432312812037,4816601450740200531,4816601450740201267,204915707190712678,4816601725618098466
107|2021-12-30|20|22|34|204914332801190297,204913783045365484,4816600900984381720,4816600351228559450,4816600351228562427,4816600351228570388,4816599801472748796,4816600626106476790,204914057923282560,204915982068615576,204914332801179048,204913783045368140,204914882556992286,204914882556991517,204914332801180759,4816602000496002741,4816601725618102764,204915707190711919,4816599801472749029,204915707190725566,4816602000496008675,204914882556991234,4816602000496007032,4816600076350672048,4816601725618104200,204913783045358068,4816601175862283704,4816601175862282516,204915707190715208,4816601175862301250,204915707190717572,204916256946539465,4816599801472764832,4816599801472765424
108|2021-12-30|22|24|34|4816601725618114147,4816601450740193400,4816599801472763579,204915707190713000,204915157434913548,204915432312804458,4816599801472753628,4816601450740198070,4816600900984390118,4816600351228568174,204913783045376599,4816602000496003988,4816600351228570967,4816600351228570192,4816602275373926776,204914057923268130,4816602000496013844,204916256946537344,4816600900984379658,204914607679079352,4816602275373919818,204915707190713211,204914882556989699,4816602000496009065,204916256946539968,4816599801472746112,4816601175862295238,204915982068630545,204915982068624459,4816602275373908976,4816601175862288456,4816600626106475894,204914607679089739,205195258022086305
109|2021-12-31|0|2|38|205196907289529578,4816883750350627209,205195807777901653,205195258022075310,4816882650839011907,4816882650839009991,205197457045331294,205195532899997133,205195258022083564,4816882650838992771,205195258022069554,205195807777897925,4816882925716908279,205196357533703495,4816881276449468041,205197457045336971,205196357533698924,205197731923234052,4816882101083191809,205195258022076052,4816881551327370740,205197731923246597,4816881551327372164,205195532899976473,205195258022076160,4816883750350630808,4816882925716917245,205197457045340574,4816881276449473338,4816883200594825835,4816881826205274280,4816882925716909491,4816882925716901544,205197457045324971,4816881551327367679,205197731923241982,4816882101083187454,205197457045330426
110|2021-12-31|2|4|37|4816883200594822805,4816883750350634156,205197182167421371,4816882650838997019,4816882925716910627,4816882650838996091,4816882101083183108,4816882375961090728,4816882925716906614,4816883750350634303,4816883475472715028,4816882925716916457,205195532899987358,205196082655809653,205196357533717755,4816883750350624193,205197457045329147,4816881276449469612,205197457045324202,205196632411611075,205196357533706032,4816883200594825483,4816883475472730249,4816881276449463492,205195258022085161,4816883750350626390,4816881276449476085,4816882650838990849,205195532899986936,4816882101083178875,205197182167419864,205197457045344788,205197182167430327,205196357533710544,4816881551327376184,205197457045323983,4816883475472722384
111|2021-12-31|4|6|32|4816883750350622775,205197731923236794,205197457045339170,205197182167421773,4816882925716901367,4816882925716910284,205195258022068923,205197457045337605,4816881551327367366,205197182167438041,4816883475472726567,205196632411624702,4816882101083191380,4816883750350626069,205197182167417074,205195807777888672,205197457045345421,4816882925716898433,205195258022086427,205196632411610396,205197182167423388,4816882375961099489,4816883200594805720,205195532899980124,205196082655802231,4816881276449469299,205197457045328422,4816883200594809112,205196632411609372,205197731923248913,4816883475472713452,205195258022073658
112|2021-12-31|6|8|38|4816882375961098825,4816881276449474206,205197182167432744,205197182167436801,4816881276449467007,4816882650839008567,4816881826205291684,205197457045332243,205196632411609612,4816882925716900861,4816882650838998786,4816882101083183991,205196082655799876,205196907289518699,205196082655792875,205196632411618157,4816882925716912086,205196907289519468,4816882650839011405,4816883200594810380,205195807777896089,205195807777889979,4816882925716900327,4816882375961088238,205197457045330744,4816882101083188536,205196907289523281,205196907289528728,205196632411603064,205197457045344684,205197457045332996,205196082655805440,4816882101083187482,4816883750350630715,205196082655799173,4816882925716905612,205196082655796973,4816883475472728725
113|2021-12-31|8|10|40|205196082655808505,4816882925716898082,4816883200594824343,4816882101083186669,4816881551327363956,4816882925716912482,4816883200594811931,205196082655799132,4816883475472712888,205195532899980889,205195258022070670,4816882650839008559,4816883200594821978,4816883200594819652,4816881826205277594,205196632411614977,205195807777888882,4816881826205270909,205195258022081264,4816882650838994585,4816882925716902886,205195532899995859,205197731923235279,4816882650838994185,4816882375961091758,205195532899989742,205196632411621875,4816882375961092956,4816882101083193988,205196357533711064,4816882925716900751,205197457045325590,4816881551327372792,4816882925716904878,4816883750350627471,205195807777890368,4816881551327376931,4816883200594812528,205197182167433623,4816882650839003067
114|2021-12-31|10|12|38|4816883750350632915,205195532899989799,4816882101083180068,205196357533714577,205197182167425673,205197182167438167,4816882650839001505,205196907289519142,4816883750350621434,4816882925716919277,205196907289510155,4816883475472711697,4816882375961105796,205195532899996780,4816882101083181224,205196632411615964,4816883750350623275,4816882925716907965,4816883750350637426,4816883475472732002,205196907289524932,4816881276449457498,205196632411605750,205197731923251505,4816883200594810991,4816882650838998423,4816881826205287766,4816881551327374437,205195807777900696,4816883200594821143,4816882101083197610,4816882375961088885,4816882650838995530,205197731923247243,205197182167425064,205197457045332813,205196082655801704,205195532899989808
115|2021-12-31|12|14|35|4816883750350619847,205195258022071784,4816883200594816914,4816882375961093175,205197182167434072,205197457045339653,4816883750350631540,4816881276449461112,4816882101083184089,4816882375961090333,205196632411610655,205195258022082137,205196357533716202,205195532899993699,4816881551327383495,205195258022068653,4816882925716916965,4816882650838993180,205195258022081487,205197731923239551,205197731923231653,205195258022088927,205195807777883974,4816881276449467849,4816881276449465653,4816882925716915641,4816882101083195050,205195532899994005,205196357533714784,205196082655799566,4816881551327383350,205197731923241630,205197182167427384,4816882925716913141,205195807777888946
116|2021-12-31|14|16|46|4816881276449475227,4816882650839009103,205197731923246937,4816882925716916906,205196357533707242,205196632411608191,205195532899994176,4816882925716902718,4816882925716919066,205196907289531355,205197182167422893,4816882375961101478,205196632411614395,4816883475472725446,4816881551327374960,4816882925716916969,4816882101083187497,205196082655802997,205196082655798337,205197182167428656,4816882101083190720,4816883200594818503,205197182167422077,4816882101083191781,4816883200594812691,205196357533702278,205196907289514394,4816883750350628971,205196632411607128,205196632411619898,205197182167438153,205196082655807910,205195532899983823,205196082655801536,205195258022079957,4816881551327369629,4816883200594821010,205197182167424125,205197457045334379,205195532899982276,205195532899976065,4816882650839009929,205195258022076849,205197731923238220,205195807777883608,4816881276449462081
117|2021-12-31|16|18|43|205195258022082912,4816883475472725207,205196082655801715,4816881551327378334,4816882101083197977,205195258022073094,4816881551327367358,4816882101083180244,205195532899995586,205196632411605690,4816882375961089777,4816882101083194438,4816882375961097900,4816882101083194949,4816881826205277344,4816883475472712017,4816881826205272725,205196907289516028,205195532899975703,205196357533713199,4816881826205272315,205196357533697021,4816882101083197274,205196907289513316,4816881276449464537,205197731923240274,4816881551327365884,205195258022085579,205197182167436081,205197731923240489,205197457045330704,4816882375961101204,205196632411615417,4816881826205289800,4816881826205276102,205196907289529677,205196907289510192,205196907289528217,4816882101083179898,4816882650839003268,4816882925716906997,4816882925716898780,205195532899985087
118|2021-12-31|18|20|49|205195258022088831,4816882101083190285,205197731923241331,205197731923239502,205196357533716048,4816883475472714610,205195258022088979,205197731923242440,4816882101083189581,205197182167423613,4816882375961095106,4816881826205289981,205195258022073188,205195258022087616,4816883475472733528,205196632411604558,205195807777891044,4816883750350620901,205196632411608852,205195532899983813,205197731923242957,4816883750350625118,205197182167420733,205196907289526677,4816883475472723346,205195532899980633,4816881276449475926,205197457045338465,205197182167423969,205195532899985010,205196082655796468,205197731923244264,4816881551327376438,4816881276449473299,205196907289517576,4816881276449462511,205196632411621371,205197731923252102,4816881551327372318,205197457045332890,4816883750350630775,205196357533699147,205195807777886297,205195807777883374,205195532899996335,205195258022089014,205195807777885168,205197182167438614,205197182167429200
119|2021-12-31|20|22|31|4816883750350624194,4816882650838996708,205196357533705340,4816881826205277537,205196907289529327,205197182167419428,4816881826205277563,4816882650839003738,205196357533697120,205197182167421849,205197457045332516,4816881826205277331,4816881276449468407,205196082655794142,205196357533707709,4816882925716911129,205196632411620607,205197182167437099,205195258022076793,205197182167429305,4816881551327384400,205197457045345071,4816882101083196847,4816883200594811819,4816881551327370552,205196907289524492,205196082655802888,4816883200594817457,4816882650839008085,205197731923237693,205196082655808886
120|2021-12-31|22|24|42|4816881551327373974,4816882925716902876,205197731923249601,205197457045325487,4816882101083192533,4816883475472727897,205197457045327160,4816883200594822690,205196907289525226,205196632411612853,4816882650839008906,205197182167424944,205196907289521786,205197731923240060,4816882925716914450,4816882375961099979,205195532899989446,4816882925716904244,205196907289514391,205195258022077688,4816882650839005365,4816881551327378038,4816883475472719911,205195532899991153,205196357533708592,205197182167434712,205197731923239083,205196907289528457,205197731923238671,4816882375961085503,205196357533699839,4816882101083190145,4816881551327370507,4816882650839003671,205195532899996289,4816883200594813174,4816881826205284250,4816881276449477953,4816881551327376030,4816882375961103156,205196357533702690,205197731923237474