id,time
1649,0.23
1790,2.49
2101,0.21
2353,0.19
2517,0.28
3935,0.56
4097,2.51
4603,0.21
4888,0.19
7298,0.25
9068,2.44
10147,0.21
12306,0.19
12585,0.18
16281,0.19
16695,0.20
21028,0.19
22308,0.24
22775,0.24
22787,2.60
25145,0.21
26744,0.19
26903,0.19
27252,2.45
27284,0.21
29395,0.19
30705,2.43
31028,0.23
31284,0.25
35262,0.21
36316,2.56
36822,0.22
37204,0.27
37381,0.18
39961,0.21
40109,2.43
42306,2.47
44322,0.21
45178,0.19
45623,0.19
47870,0.19
48483,0.23
52806,0.19
53385,0.19
54788,2.63
57306,0.27
57755,0.22
59453,0.27
60520,0.22
61954,0.20
62353,0.21
62740,0.20
62928,0.21
63353,0.24
64161,0.22
66574,0.25
68013,0.19
70240,0.19
71809,0.28
72574,0.23
75126,0.25
75789,0.22
75863,2.58
77132,2.49
78513,2.47
83746,0.19
85139,2.42
86212,0.25
89983,0.21
90098,0.19
90776,0.23
90841,0.18
90930,2.49
92293,2.51
92530,0.26
93248,0.20
95191,2.45
96759,0.18
100899,0.21
104366,2.45
104393,2.44
106946,2.57
108360,2.56
108868,0.30
110594,2.41
111000,0.19
111834,0.25
112006,0.23
113386,2.48
114156,0.19
114401,0.26
115760,2.61
115904,2.42
116748,2.44
118153,0.19
118591,0.21
118665,0.19
119169,2.65
120726,0.21
122260,0.19
122836,2.45
122845,0.19
124319,0.20
126181,2.64
126827,2.63
127495,2.46
131748,0.20
133267,0.22
134301,0.19
134806,0.25
137166,2.58
138334,2.72
140344,2.44
140382,0.19
143931,2.57
144328,0.24
146864,0.18
148389,2.46
149325,0.26
150951,2.82
152088,0.22
152290,0.20
153949,0.25
154028,0.20
154432,2.43
154822,2.62
155553,0.20
155980,0.23
156880,2.42
157505,0.21
157536,0.19
158147,2.41
160373,0.22
160698,0.20
161846,0.19
164646,0.19
165616,2.53
167614,0.19
167902,0.21
170203,0.23
173031,2.44
173463,2.47
173586,0.20
178510,2.42
178825,2.64
179444,0.19
181614,0.22
184039,0.19
185469,0.28
187867,2.57
188848,0.20
189461,0.23
191236,0.21
191658,0.24
191690,2.45
194036,2.49
195320,0.22
195799,0.20
195864,0.23
198970,2.63
200208,2.55
202488,0.20
202973,2.43
203197,0.18
203747,0.20
203820,2.60
204294,0.24
204824,2.61
206332,0.20
208019,2.44
208656,2.63
208807,0.25
214840,0.25
214908,2.60
215134,0.19
215392,2.46
222540,0.24
223424,0.29
224806,0.21
227697,0.19
228279,0.21
228386,0.23
230666,0.24
230962,0.19
231800,2.48
232886,2.44
238840,0.20
241726,2.43
245573,0.18
246350,2.46
246668,2.69
248802,0.22
250196,0.21
252147,0.19
252480,0.20
253823,0.21
254081,2.57
255773,0.20
255974,0.21
257861,0.30
258745,2.43
259425,2.44
259501,0.22
261713,0.24
265117,2.56
265228,0.21
266053,0.20
268644,0.25
270314,0.21
270719,0.21
270991,2.63
271933,0.18
272642,0.22
273009,2.49
274307,0.19
275279,0.23
275804,2.57
281074,2.44
281541,0.24
282314,0.19
282469,0.20
283724,0.25
284338,0.19
288136,2.55
288999,0.19
289464,2.45
291044,0.20
291747,0.19
293306,0.22
297159,0.21
298393,0.27
298465,0.23
299094,0.19
2199023256912,2.41
2199023258646,0.23
2199023258812,2.60
2199023262187,2.42
2199023263919,0.18
2199023266774,0.21
2199023268019,0.22
2199023269394,2.41
2199023270381,0.20
2199023270957,2.44
2199023271123,0.18
2199023271128,0.18
2199023271650,0.35
2199023272323,0.18
2199023273847,0.22
2199023274829,0.20
2199023275742,0.22
2199023277250,0.19
2199023277402,2.46
2199023279181,2.63
2199023279792,2.46
2199023280522,0.19
2199023280774,2.61
2199023285205,0.20
2199023286292,0.24
2199023288781,0.19
2199023289436,2.55
2199023290365,0.20
2199023290599,0.23
2199023294588,0.55
2199023297592,0.24
2199023298308,2.45
2199023298953,0.19
2199023299550,0.19
2199023301299,0.20
2199023304087,2.70
2199023305521,2.45
2199023306364,2.52
2199023306407,0.24
2199023309279,0.18
2199023309843,0.20
2199023310162,2.69
2199023310811,0.20
2199023311112,0.20
2199023313183,0.19
2199023314980,2.43
2199023315386,0.26
2199023316973,0.19
2199023317616,0.26
2199023317990,0.30
2199023318699,0.20
2199023320569,0.18
2199023322436,0.20
2199023322956,0.19
2199023323405,2.42
2199023323956,2.64
2199023323978,0.21
2199023325175,0.20
2199023326967,0.18
2199023328777,0.26
2199023330846,2.50
2199023330973,0.27
2199023332629,0.19
2199023334359,2.49
2199023334990,0.19
2199023335343,2.62
2199023335403,2.56
2199023338650,0.19
2199023339820,0.21
2199023343215,0.24
2199023343492,0.19
2199023345124,0.18
2199023345800,0.23
2199023346013,0.20
2199023346322,2.45
2199023348151,0.19
2199023349086,0.19
2199023349793,2.47
2199023351543,0.23
2199023353244,0.27
2199023353815,0.21
2199023355576,0.19
2199023356183,0.18
2199023359579,0.21
2199023361211,0.26
2199023362680,0.21
2199023364135,2.43
2199023365265,0.19
2199023365603,0.20
2199023367926,0.19
2199023369267,0.55
2199023369540,0.19
2199023370167,0.24
2199023374492,0.19
2199023375128,0.19
2199023377242,0.18
2199023378056,2.46
2199023378991,0.22
2199023379756,0.19
2199023380001,0.19
2199023381150,2.68
2199023381257,0.25
2199023383317,0.27
2199023384195,2.55
2199023384722,0.21
2199023385177,0.21
2199023385876,0.23
2199023387845,0.19
2199023389308,0.20
2199023390595,2.63
2199023390943,0.19
2199023391011,0.20
2199023392823,2.57
2199023393200,0.22
2199023397031,0.20
2199023398745,2.60
2199023398871,0.21
2199023399444,2.49
2199023400139,2.43
2199023402329,2.47
2199023404311,0.18
2199023405231,0.21
2199023405554,2.57
2199023407523,0.24
2199023411365,2.41
2199023411562,2.45
2199023412474,0.18
2199023413114,2.46
2199023413297,0.19
2199023413364,0.20
2199023414216,0.19
2199023417893,0.19
2199023418057,2.44
2199023420176,0.24
2199023420530,0.21
2199023422143,2.49
2199023423660,0.18
2199023426296,0.22
2199023429074,2.64
2199023429324,0.24
2199023429545,0.19
2199023431038,2.45
2199023433744,2.46
2199023437819,2.56
2199023438049,0.22
2199023438941,0.19
2199023440084,0.19
2199023442115,0.20
2199023443113,2.45
2199023446617,0.22
2199023446958,0.20
2199023447774,0.29
2199023448474,2.56
2199023451576,0.24
2199023451841,0.21
2199023454113,0.18
2199023454276,2.46
2199023455013,0.21
2199023456304,0.22
2199023460925,0.19
2199023463425,0.23
2199023464826,2.43
2199023466008,0.19
2199023469334,2.54
2199023469954,0.23
2199023470360,0.18
2199023473174,0.26
2199023474020,0.20
2199023475621,0.20
2199023476214,0.19
2199023476647,0.24
2199023477439,0.19
2199023477902,2.44
2199023479309,0.24
2199023480687,0.19
2199023481521,0.19
2199023482743,0.28
2199023483770,0.22
2199023483796,0.23
2199023485567,0.18
2199023485912,0.25
2199023489560,0.26
2199023490330,0.19
2199023493247,0.19
2199023493669,0.21
2199023494843,0.20
2199023495599,0.22
2199023496263,0.21
2199023497391,0.25
2199023499928,0.23
2199023501178,0.24
2199023502872,0.19
2199023504203,2.42
2199023504229,2.45
2199023505165,2.59
2199023509104,0.22
2199023510071,0.20
2199023511358,0.19
2199023511544,0.19
2199023512126,0.24
2199023515948,0.20
2199023516441,2.47
2199023517185,0.25
2199023518575,2.82
2199023519340,2.50
2199023520338,2.59
2199023520643,0.19
2199023521028,2.47
2199023524256,2.46
2199023524531,2.46
2199023524546,0.24
2199023525627,0.19
2199023526703,0.22
2199023527696,0.19
2199023527745,8.77
2199023527760,0.23
2199023529839,0.26
2199023529937,2.56
2199023530957,2.59
2199023531852,0.21
2199023532872,0.25
2199023533455,0.18
2199023533768,0.21
2199023534919,2.56
2199023535100,2.43
2199023535174,2.55
2199023536203,0.22
2199023537546,2.60
2199023538211,0.19
2199023542115,0.20
2199023545912,0.19
2199023546561,0.22
2199023551785,2.63
2199023552848,0.21
2199023553954,0.28
2199023555217,0.18
4398046520270,2.51
4398046520946,0.25
4398046521930,0.22
4398046522923,2.46
4398046523490,0.22
4398046523956,2.44
4398046526460,0.22
4398046526494,2.45
4398046527699,0.19
4398046529070,2.52
4398046529646,0.31
4398046529765,0.20
4398046530556,0.23
4398046531594,2.45
4398046532445,2.46
4398046534074,0.22
4398046534102,2.66
4398046534836,0.22
4398046536117,0.18
4398046536367,0.20
4398046536672,0.18
4398046537822,2.45
4398046541138,0.20
4398046541564,2.47
4398046543183,0.19
4398046544939,2.67
4398046545960,0.18
4398046546461,0.22
4398046548799,0.19
4398046550770,0.22
4398046554366,0.21
4398046554703,0.19
4398046555963,0.21
4398046556116,0.22
4398046556237,0.19
4398046557274,0.19
4398046560344,0.23
4398046560536,2.44
4398046562467,0.20
4398046563003,0.19
4398046563103,0.19
4398046563880,0.25
4398046564322,2.43
4398046566423,0.19
4398046566446,2.49
4398046566469,0.23
4398046568824,0.19
4398046569433,0.21
4398046569786,0.20
4398046570823,2.45
4398046570830,0.19
4398046571875,0.25
4398046572251,2.57
4398046573358,0.19
4398046575509,2.43
4398046576980,0.24
4398046577494,0.27
4398046577516,2.60
4398046577939,2.46
4398046579402,0.24
4398046580414,2.61
4398046581725,0.19
4398046582022,0.22
4398046582332,2.47
4398046585011,0.26
4398046585959,0.18
4398046586487,0.19
4398046587401,2.62
4398046588397,2.43
4398046589236,0.20
4398046591739,0.26
4398046591974,0.20
4398046592080,2.58
4398046593694,0.19
4398046594439,2.47
4398046595122,2.44
4398046596343,0.19
4398046596708,0.20
4398046597673,0.29
4398046597769,0.20
4398046597871,0.20
4398046598172,0.25
4398046599674,0.19
4398046599710,0.23
4398046599817,0.21
4398046600298,2.48
4398046603877,0.19
4398046606467,0.20
4398046607708,2.45
4398046609304,0.20
4398046609453,2.47
4398046612635,0.27
4398046612895,0.19
4398046613839,0.18
4398046614322,0.24
4398046615310,2.43
4398046616968,0.19
4398046617460,2.46
4398046617765,0.19
4398046618850,0.19
4398046619900,2.44
4398046622260,2.66
4398046623470,0.19
4398046624003,0.19
4398046625187,0.21
4398046625736,0.55
4398046627268,2.56
4398046629200,0.22
4398046629564,0.19
4398046631578,0.25
4398046635685,0.21
4398046639120,2.42
4398046639421,0.20
4398046639424,0.23
4398046640320,2.55
4398046640641,0.24
4398046642279,2.56
4398046644020,0.20
4398046644870,2.49
4398046645404,2.50
4398046647197,0.19
4398046647932,2.63
4398046649052,2.58
4398046650497,0.19
4398046650668,0.18
4398046656080,0.19
4398046656817,0.23
4398046658388,0.24
4398046659072,2.45
4398046659895,0.22
4398046660310,0.23
4398046663997,2.46
4398046665897,2.62
4398046667507,0.25
4398046667991,0.24
4398046668101,0.23
4398046671710,0.23
4398046672127,0.22
4398046675933,2.44
4398046675935,0.19
4398046676245,0.19
4398046679810,2.44
4398046681625,2.57
4398046682543,0.22
4398046682917,0.21
4398046685493,0.22
4398046686949,0.21
4398046689268,2.45
4398046689292,2.54
4398046689671,0.22
4398046693802,0.30
4398046695939,0.21
4398046696938,1.15
4398046699721,0.22
4398046701946,2.42
4398046702734,2.44
4398046704486,0.20
4398046709462,2.48
4398046712172,0.19
4398046712389,0.19
4398046721009,0.20
4398046724495,0.21
4398046724618,2.50
4398046725079,0.22
4398046725795,0.18
4398046727388,0.19
4398046731046,0.18
4398046731241,0.19
4398046731702,2.65
4398046732462,2.60
4398046732992,2.55
4398046738294,2.61
4398046739366,2.57
4398046740684,0.21
4398046741155,2.48
4398046741302,0.19
4398046741738,0.19
4398046742455,0.19
4398046744231,2.48
4398046744849,2.55
4398046745945,0.19
4398046746948,2.62
4398046747270,0.23
4398046748518,0.20
4398046749168,0.19
4398046752130,2.45
4398046753851,0.21
4398046754973,2.42
4398046755418,2.45
4398046755560,2.55
4398046755774,0.25
4398046756422,2.61
4398046757293,0.21
4398046758212,0.19
4398046760979,0.21
4398046763287,0.32
4398046765365,0.19
4398046765371,0.19
4398046766115,0.18
4398046766260,2.49
4398046768460,0.20
4398046769177,0.21
4398046770541,0.26
4398046770667,0.19
4398046771970,2.55
4398046772459,0.23
4398046774601,2.45
4398046777914,0.20
4398046777927,0.19
4398046780966,2.47
4398046785023,0.19
4398046786709,0.20
4398046788021,0.25
4398046788370,0.24
4398046788907,0.20
4398046790215,0.24
4398046790496,2.47
4398046790698,2.48
4398046792473,0.19
4398046793226,0.19
4398046793627,0.21
4398046795551,0.20
4398046796993,0.19
4398046797096,0.18
4398046797492,2.43
4398046799515,0.19
4398046800407,0.18
4398046802276,0.24
4398046802547,0.22
4398046802652,0.25
4398046804375,0.19
4398046806430,2.53
4398046807773,0.20
4398046808980,0.19
4398046809199,0.24
4398046809251,0.25
4398046810503,2.40
6597069766957,0.19
6597069768138,0.23
6597069768441,0.24
6597069770066,0.23
6597069771838,2.46
6597069773178,0.26
6597069774163,0.21
6597069774398,0.21
6597069774483,0.19
6597069775639,0.30
6597069776599,0.20
6597069777071,2.55
6597069777623,2.48
6597069777826,0.20
6597069781814,0.19
6597069782455,0.27
6597069782920,0.19
6597069783099,0.21
6597069783342,0.20
6597069784878,0.25
6597069785627,0.21
6597069787385,0.26
6597069787499,2.47
6597069789639,2.42
6597069791469,0.19
6597069791665,0.19
6597069792901,0.21
6597069794328,2.50
6597069795164,2.45
6597069795845,0.20
6597069796776,0.23
6597069797969,0.18
6597069798343,0.20
6597069798922,0.19
6597069801023,2.48
6597069801591,0.22
6597069802397,0.21
6597069802820,0.21
6597069802867,2.47
6597069803429,0.19
6597069805423,0.19
6597069806588,2.46
6597069806661,0.24
6597069806731,0.27
6597069810622,0.20
6597069810706,0.20
6597069816015,2.45
6597069818725,0.23
6597069819617,0.20
6597069820031,0.25
6597069820213,0.22
6597069820437,0.20
6597069821916,0.21
6597069826097,0.21
6597069827603,0.18
6597069828363,0.22
6597069829503,0.26
6597069830750,0.19
6597069831892,0.19
6597069832115,0.19
6597069833351,2.42
6597069833392,0.20
6597069833633,0.21
6597069835333,0.21
6597069836522,0.20
6597069839437,0.21
6597069840022,0.21
6597069840552,2.53
6597069840656,2.65
6597069841323,2.56
6597069841591,0.22
6597069843227,0.21
6597069843658,2.46
6597069844715,0.19
6597069844921,3.02
6597069845384,0.26
6597069846015,0.25
6597069847016,0.28
6597069848251,0.20
6597069848478,0.24
6597069848481,2.60
6597069848984,0.18
6597069849510,0.21
6597069851279,2.46
6597069854803,2.75
6597069855014,0.22
6597069855902,0.20
6597069856041,0.25
6597069856776,2.49
6597069856859,0.24
6597069857315,2.47
6597069857645,2.45
6597069861260,2.56
6597069862345,0.20
6597069862512,0.20
6597069864883,2.44
6597069864955,0.21
6597069865062,0.22
6597069867096,2.45
6597069867681,0.23
6597069867946,0.19
6597069869399,2.46
6597069869403,2.45
6597069870315,0.18
6597069872892,0.24
6597069874011,0.30
6597069874375,0.19
6597069876233,2.58
6597069880097,0.25
6597069883007,2.47
6597069884740,0.23
6597069885448,2.46
6597069885870,0.19
6597069887226,0.27
6597069887739,0.21
6597069890091,0.21
6597069891175,0.19
6597069891782,0.18
6597069891993,0.23
6597069893184,0.23
6597069894332,0.20
6597069894655,0.20
6597069898560,0.25
6597069899139,0.18
6597069901498,0.18
6597069902169,0.20
6597069902599,0.20
6597069902970,2.48
6597069909756,2.46
6597069912812,0.20
6597069913133,0.19
6597069915383,0.22
6597069916153,2.62
6597069916614,0.21
6597069918395,2.47
6597069919014,0.21
6597069921122,2.43
6597069922707,2.42
6597069925009,0.19
6597069925017,0.19
6597069925601,2.60
6597069926550,2.51
6597069927466,0.18
6597069927523,0.27
6597069927731,2.43
6597069931934,0.18
6597069932001,0.18
6597069932432,0.21
6597069934305,0.20
6597069937614,0.21
6597069939432,0.24
6597069940616,2.47
6597069940883,0.19
6597069945536,0.21
6597069946624,0.19
6597069950687,0.19
6597069951157,0.32
6597069952103,0.22
6597069954397,2.44
6597069955649,2.44
6597069958028,2.64
6597069958045,2.47
6597069958854,0.19
6597069959188,0.22
6597069959954,0.19
6597069960626,0.22
6597069961900,0.22
6597069963251,0.20
6597069965609,2.59
6597069965842,0.18
6597069967608,0.21
6597069970212,0.25
6597069974600,0.19
6597069974822,0.31
6597069975386,2.43
6597069977749,2.45
6597069981042,2.45
6597069981953,0.21
6597069981964,0.18
6597069982234,0.22
6597069982482,0.22
6597069985606,0.25
6597069985955,2.46
6597069986082,2.50
6597069986491,2.42
6597069986896,2.66
6597069990992,0.19
6597069991841,0.18
6597069992114,0.20
6597069993469,0.20
6597069994027,0.19
6597069994317,0.27
6597069995038,0.21
6597069995257,0.26
6597069995503,0.18
6597069996670,0.21
6597069997345,2.45
6597070000909,0.21
6597070003879,2.47
6597070003916,0.21
6597070005126,0.24
6597070005573,0.20
6597070006761,0.21
6597070007820,0.19
6597070008950,2.45
6597070012164,2.59
6597070012621,0.20
6597070013317,0.21
6597070017610,0.25
6597070018120,0.21
6597070018187,0.19
6597070018359,0.19
6597070019205,0.19
6597070019236,0.21
6597070019908,0.20
6597070020021,0.22
6597070020284,2.48
6597070020682,2.56
6597070020904,0.19
6597070022482,0.21
6597070023195,0.23
6597070024275,0.19
6597070025642,0.21
6597070025958,0.24
6597070027409,0.21
6597070028854,0.30
6597070033947,2.48
6597070034620,2.85
6597070035230,0.21
6597070036147,0.21
6597070037359,0.19
6597070037457,0.21
6597070037476,2.65
6597070037734,0.18
6597070040277,2.60
6597070041927,2.43
6597070042238,0.28
6597070043877,2.46
6597070045254,0.20
6597070046467,0.21
6597070053601,2.65
6597070053860,2.50
6597070056639,0.21
6597070060612,0.19
6597070060640,2.59
6597070060732,2.47
6597070061132,2.42
6597070063872,2.48
6597070064190,0.19
6597070066120,2.65
8796093022474,0.26
8796093023409,0.21
8796093023587,0.22
8796093024093,0.19
8796093024436,0.21
8796093024696,0.20
8796093027951,0.19
8796093027955,0.20
8796093035169,0.20
8796093036741,0.20
8796093038157,0.19
8796093039471,0.24
8796093040077,0.18
8796093041654,0.21
8796093044526,2.56
8796093049907,2.41
8796093050533,0.22
8796093050544,2.44
8796093050721,0.19
8796093052657,2.59
8796093053362,0.18
8796093053383,0.20
8796093054066,0.28
8796093059578,0.21
8796093062401,0.19
8796093063005,0.20
8796093063531,2.44
8796093063830,0.23
8796093063862,2.40
8796093065943,0.19
8796093066288,0.19
8796093067213,0.26
8796093068331,2.57
8796093069892,0.28
8796093070962,0.24
8796093072498,0.19
8796093074138,0.19
8796093074318,0.19
8796093074596,2.42
8796093075690,0.19
8796093076799,2.65
8796093077638,0.19
8796093079298,0.20
8796093079573,0.19
8796093081875,0.29
8796093082630,0.23
8796093085030,2.60
8796093087186,0.19
8796093087359,0.20
8796093088155,0.19
8796093088307,2.46
8796093090020,2.54
8796093091813,2.71
8796093093188,2.45
8796093093938,2.46
8796093095221,0.19
8796093097741,2.45
8796093099837,0.19
8796093100695,0.21
8796093101715,0.21
8796093101766,0.18
8796093106167,0.20
8796093106250,2.45
8796093108168,0.23
8796093108311,0.22
8796093111083,0.27
8796093111483,0.37
8796093112126,2.43
8796093113876,0.18
8796093114326,0.19
8796093114698,0.21
8796093115262,0.19
8796093115276,0.19
8796093115689,0.24
8796093117788,0.27
8796093119638,2.56
8796093120964,0.22
8796093121008,0.19
8796093121768,2.61
8796093121776,0.20
8796093122224,2.47
8796093122652,0.19
8796093122894,2.47
8796093123213,0.22
8796093125645,0.19
8796093129601,2.60
8796093131452,0.19
8796093132229,0.20
8796093132763,0.19
8796093132808,0.21
8796093132995,0.18
8796093134120,2.44
8796093134528,2.48
8796093134550,0.22
8796093134677,0.24
8796093135080,0.19
8796093137189,0.19
8796093138761,0.21
8796093139909,2.43
8796093140705,2.47
8796093140870,0.22
8796093141229,2.42
8796093141435,0.18
8796093143642,0.23
8796093143928,2.43
8796093145519,2.45
8796093147968,0.25
8796093149571,0.19
8796093149855,0.19
8796093149960,0.19
8796093150094,2.48
8796093154210,2.44
8796093154498,0.21
8796093154672,2.61
8796093155695,0.20
8796093156376,0.18
8796093157503,0.20
8796093158441,2.57
8796093162098,2.51
8796093162843,0.20
8796093164872,0.20
8796093167362,2.46
8796093169263,0.21
8796093169487,0.23
8796093170667,2.49
8796093171358,2.45
8796093174692,0.19
8796093178327,0.19
8796093181429,2.44
8796093181704,0.19
8796093183354,0.61
8796093183731,0.25
8796093183900,2.46
8796093184417,2.68
8796093184909,0.18
8796093185175,2.46
8796093187243,0.19
8796093190158,2.65
8796093192979,0.25
8796093193857,0.19
8796093194320,0.20
8796093194766,2.57
8796093195521,2.65
8796093196143,0.19
8796093200872,0.20
8796093201061,0.24
8796093202117,0.29
8796093202513,2.56
8796093206445,2.43
8796093206457,0.21
8796093209142,0.20
8796093209264,0.21
8796093210334,0.19
8796093212369,0.20
8796093213026,0.20
8796093214195,0.30
8796093214299,0.24
8796093216396,0.24
8796093217717,0.19
8796093218223,0.19
8796093218336,0.18
8796093219090,0.54
8796093219096,2.44
8796093221668,0.20
8796093222401,0.19
8796093224877,2.70
8796093225631,0.24
8796093226065,2.44
8796093226270,0.23
8796093228048,2.47
8796093230219,2.41
8796093236447,0.19
8796093239429,0.24
8796093241108,0.31
8796093243612,0.21
8796093244714,0.26
8796093244892,2.43
8796093245504,0.21
8796093245772,0.20
8796093247986,0.18
8796093248450,0.23
8796093248523,0.24
8796093249394,0.24
8796093249730,0.18
8796093251325,2.47
8796093253874,2.43
8796093254665,0.31
8796093255744,2.45
8796093256307,0.18
8796093256380,2.45
8796093259578,0.18
8796093259888,0.20
8796093260082,0.25
8796093261081,0.25
8796093265485,2.45
8796093266430,0.27
8796093267148,2.73
8796093269113,0.19
8796093271312,2.58
8796093272597,0.27
8796093273709,0.19
8796093276000,0.22
8796093276201,2.44
8796093276792,0.38
8796093276892,0.20
8796093278062,0.21
8796093278919,2.58
8796093280223,0.23
8796093280230,0.20
8796093281114,2.45
8796093281181,2.53
8796093281404,0.25
8796093282670,0.26
8796093285431,2.80
8796093285769,2.87
8796093286030,2.44
8796093286122,0.22
8796093288519,2.47
8796093290314,0.18
8796093293813,2.42
8796093297642,0.20
8796093298500,0.21
8796093298661,2.44
8796093299424,2.45
8796093299888,2.42
8796093301880,0.23
8796093303586,0.20
8796093310494,0.19
8796093310510,0.19
8796093311085,0.19
8796093314963,0.18
8796093316153,0.23
8796093316761,0.22
10995116280318,0.21
10995116281868,0.20
10995116282278,0.20
10995116284695,2.66
10995116287053,0.18
10995116288448,0.22
10995116288526,2.43
10995116288554,0.19
10995116290605,2.58
10995116291494,2.46
10995116291634,2.49
10995116292455,0.19
10995116293102,0.18
10995116293477,0.24
10995116296301,0.18
10995116300491,0.19
10995116302136,0.19
10995116303747,0.19
10995116305254,0.24
10995116306830,2.48
10995116312095,0.20
10995116312360,0.29
10995116313360,0.21
10995116315290,2.44
10995116315997,2.46
10995116316268,0.19
10995116317678,0.23
10995116320125,0.20
10995116321718,0.19
10995116323177,0.19
10995116324376,0.23
10995116324589,0.20
10995116329518,0.19
10995116333427,0.20
10995116334396,0.20
10995116334829,0.26
10995116335390,0.18
10995116338379,2.62
10995116338714,0.18
10995116339799,0.20
10995116346556,2.48
10995116348069,0.22
10995116349733,2.48
10995116350488,0.23
10995116351009,0.18
10995116355912,2.43
10995116356362,0.33
10995116357174,0.26
10995116358716,0.20
10995116359476,0.20
10995116359687,0.22
10995116359755,0.19
10995116360576,2.43
10995116360845,2.47
10995116361952,0.19
10995116363151,0.24
10995116363886,2.57
10995116366063,0.20
10995116366345,0.26
10995116367700,0.20
10995116367739,0.19
10995116369582,2.52
10995116370004,0.20
10995116370375,0.25
10995116371336,0.18
10995116372089,0.20
10995116374100,0.22
10995116376932,0.26
10995116377256,0.18
10995116391379,2.45
10995116393293,2.48
10995116393978,0.20
10995116394047,2.46
10995116394453,0.19
10995116395209,0.20
10995116397677,0.22
10995116398171,0.24
10995116399047,0.20
10995116400311,0.21
10995116401228,0.18
10995116404632,0.21
10995116405478,0.18
10995116405737,0.27
10995116406385,0.25
10995116407929,0.23
10995116411147,2.45
10995116415879,0.20
10995116417311,0.21
10995116420759,0.21
10995116427989,0.21
10995116429152,0.20
10995116430069,0.23
10995116434877,2.46
10995116435326,2.45
10995116435864,0.20
10995116437408,2.43
10995116441589,2.57
10995116442007,0.21
10995116442249,0.22
10995116445242,2.47
10995116447527,0.19
10995116450249,0.21
10995116453472,0.19
10995116453809,0.18
10995116453852,0.24
10995116456351,0.20
10995116456614,0.19
10995116456840,2.60
10995116457555,0.20
10995116457734,2.45
10995116460127,0.24
10995116460748,0.19
10995116461458,0.19
10995116462942,0.26
10995116463851,0.18
10995116465059,0.19
10995116465780,0.19
10995116466227,0.18
10995116468782,0.21
10995116469123,0.21
10995116469507,0.24
10995116469626,0.20
10995116470332,0.19
10995116471564,0.25
10995116474574,0.20
10995116474786,2.67
10995116475478,2.46
10995116475878,2.58
10995116477601,2.56
10995116479524,0.20
10995116479559,0.21
10995116479633,2.45
10995116480179,0.18
10995116480464,0.18
10995116485700,2.43
10995116487314,0.24
10995116487645,0.20
10995116487991,2.56
10995116491705,0.18
10995116493406,0.22
10995116493780,0.19
10995116496208,0.21
10995116497385,0.20
10995116500917,2.45
10995116501621,0.20
10995116501631,2.55
10995116501959,0.20
10995116502737,0.19
10995116506346,2.53
10995116507708,0.18
10995116508223,0.25
10995116508762,0.23
10995116510290,2.55
10995116511036,0.25
10995116511483,2.69
10995116511807,2.62
10995116514510,0.21
10995116515486,0.29
10995116516629,2.50
10995116516735,2.47
10995116516887,2.55
10995116518424,0.20
10995116520927,2.65
10995116522143,0.23
10995116524869,0.19
10995116526844,2.44
10995116528498,0.18
10995116531252,0.27
10995116531299,0.21
10995116531947,0.19
10995116533671,0.27
10995116533834,0.19
10995116534518,0.19
10995116535687,2.62
10995116538478,0.18
10995116538601,0.19
10995116539496,0.23
10995116541491,2.44
10995116543599,0.20
10995116543931,2.45
10995116545126,0.22
10995116549754,0.21
10995116549814,0.18
10995116552682,0.20
10995116552729,0.18
10995116554564,0.21
10995116554982,0.32
10995116555897,2.44
10995116557552,0.22
10995116560137,0.25
10995116560694,0.27
10995116560763,2.51
10995116562499,0.19
10995116563133,0.21
10995116563236,0.22
10995116565490,0.24
10995116567789,0.18
10995116567874,0.19
10995116568424,0.19
10995116569551,0.20
10995116570136,2.44
10995116570889,2.59
10995116571179,2.64
10995116571237,2.64
10995116572151,0.20
10995116573106,0.26
10995116575675,2.53
10995116577310,0.22
13194139534422,0.24
13194139537590,0.20
13194139537961,0.26
13194139538624,0.20
13194139539169,2.43
13194139539923,0.20
13194139540068,0.20
13194139541553,2.42
13194139545411,2.48
13194139545890,0.22
13194139548854,2.46
13194139551241,2.44
13194139552899,0.19
13194139553814,0.19
13194139554047,0.22
13194139555029,0.19
13194139557721,2.48
13194139559256,0.22
13194139560777,0.28
13194139561807,0.21
13194139562020,0.22
13194139562428,0.23
13194139562534,0.18
13194139563852,2.59
13194139564425,0.22
13194139565185,0.22
13194139569486,2.61
13194139570452,2.43
13194139571157,0.27
13194139571294,0.23
13194139571658,0.22
13194139574341,0.23
13194139576255,2.44
13194139580087,0.24
13194139584459,0.26
13194139585995,2.49
13194139586840,2.47
13194139587827,2.45
13194139591321,2.66
13194139591478,0.30
13194139592683,0.20
13194139592700,2.70
13194139593234,0.21
13194139597163,0.20
13194139598195,0.21
13194139601450,0.19
13194139601902,0.24
13194139602693,0.19
13194139603764,0.21
13194139605367,0.19
13194139605447,0.33
13194139606224,0.21
13194139606372,0.24
13194139607226,0.19
13194139611574,2.43
13194139612823,0.18
13194139614979,0.20
13194139616113,0.20
13194139618433,0.26
13194139620374,0.21
13194139621261,0.24
13194139623045,0.22
13194139627717,0.20
13194139628321,0.20
13194139628682,0.19
13194139629079,0.20
13194139629363,0.20
13194139631929,0.18
13194139632853,0.19
13194139633198,0.20
13194139636935,0.19
13194139643704,0.19
13194139644655,0.19
13194139649349,2.48
13194139651582,0.20
13194139651933,0.18
13194139654626,0.18
13194139655644,0.56
13194139657645,0.24
13194139660612,2.83
13194139660818,0.21
13194139660932,2.51
13194139662332,0.19
13194139664502,0.24
13194139665657,0.19
13194139665835,2.77
13194139668117,0.18
13194139669713,0.19
13194139670119,0.25
13194139671489,0.19
13194139671648,0.19
13194139673478,0.24
13194139674820,0.61
13194139675021,0.20
13194139678395,0.25
13194139679076,0.27
13194139683496,2.45
13194139684407,0.19
13194139684526,0.22
13194139685732,0.21
13194139688953,0.21
13194139690264,0.18
13194139693034,0.20
13194139695332,0.18
13194139696576,0.19
13194139696701,0.19
13194139696705,0.23
13194139697042,0.23
13194139697077,2.76
13194139697930,2.45
13194139699031,0.19
13194139702503,2.44
13194139703670,0.18
13194139704258,0.18
13194139704687,0.20
13194139704969,0.20
13194139705596,2.43
13194139707613,0.19
13194139708381,2.48
13194139708771,0.27
13194139708934,0.20
13194139710086,0.19
13194139711668,0.20
13194139712096,2.47
13194139712457,0.19
13194139714269,2.61
13194139715348,0.20
13194139716490,2.79
13194139716891,0.20
13194139719471,0.20
13194139720470,0.20
13194139722245,2.41
13194139722265,0.19
13194139722998,0.21
13194139723130,0.20
13194139725621,2.59
13194139729360,0.30
13194139729620,2.45
13194139731363,0.19
13194139732525,2.45
13194139733305,0.23
13194139733744,2.45
13194139734708,0.22
13194139737757,0.21
13194139741361,0.25
13194139741560,0.18
13194139742262,0.20
13194139743310,0.20
13194139744433,0.19
13194139744568,2.56
13194139745679,0.18
13194139747987,2.65
13194139749748,2.44
13194139750653,0.27
13194139752164,2.45
13194139753013,0.19
13194139753425,2.45
13194139753533,0.19
13194139753664,0.27
13194139754020,0.21
13194139754119,0.19
13194139754817,2.56
13194139757810,0.18
13194139761436,0.22
13194139763600,0.20
13194139764577,0.21
13194139768412,0.19
13194139770611,0.19
13194139772581,0.20
13194139774510,0.20
13194139775012,0.19
13194139775241,0.20
13194139775415,0.23
13194139779051,0.23
13194139780894,0.20
13194139781001,0.20
13194139783146,0.18
13194139784067,0.26
13194139786850,2.46
13194139787691,0.19
13194139789078,0.22
13194139789964,0.20
13194139792568,2.77
13194139792637,0.22
13194139795511,0.18
13194139797914,0.21
13194139798257,0.20
13194139800547,2.65
13194139801393,0.31
13194139801794,0.19
13194139802676,0.25
13194139803901,0.19
13194139806466,0.20
13194139809192,2.56
13194139810079,0.20
13194139811286,2.51
13194139811826,0.25
13194139813261,2.46
13194139813273,0.18
13194139813317,2.62
13194139815312,0.20
13194139816160,0.20
13194139817740,2.59
13194139821126,0.18
13194139823389,2.51
13194139825454,0.21
13194139826444,0.23
13194139826560,0.22
13194139827240,2.51
13194139829631,0.19
15393162791013,2.55
15393162793647,0.18
15393162793928,0.18
15393162793981,0.18
15393162796496,0.18
15393162797621,0.24
15393162798441,0.25
15393162799906,0.20
15393162800065,2.80
15393162801729,2.59
15393162802584,0.19
15393162803907,0.19
15393162804370,2.51
15393162804878,0.19
15393162806707,2.58
15393162806878,0.21
15393162809317,2.46
15393162811845,0.20
15393162813903,0.23
15393162817617,0.19
15393162818036,2.48
15393162818432,2.44
15393162818734,0.20
15393162820678,0.21
15393162821458,2.46
15393162822133,0.20
15393162822498,0.19
15393162822502,2.45
15393162822540,0.19
15393162824877,0.21
15393162826255,0.18
15393162826727,0.18
15393162827340,2.49
15393162827922,0.21
15393162828859,2.47
15393162829589,0.23
15393162831855,2.45
15393162831944,0.22
15393162834040,0.18
15393162834166,0.22
15393162835968,2.62
15393162836078,0.21
15393162836122,0.19
15393162837634,0.23
15393162838858,0.20
15393162839493,0.25
15393162840016,0.22
15393162840729,0.23
15393162843558,0.23
15393162845279,0.21
15393162846673,0.22
15393162849947,2.46
15393162850228,0.19
15393162853772,2.55
15393162855108,0.21
15393162855730,0.20
15393162857308,2.52
15393162858280,0.21
15393162860007,2.45
15393162860079,0.20
15393162862258,0.25
15393162864760,0.25
15393162866122,0.20
15393162868496,0.19
15393162870064,0.26
15393162870188,0.22
15393162870960,0.18
15393162871154,0.24
15393162872066,0.20
15393162872839,0.18
15393162873021,0.25
15393162874451,0.19
15393162876236,0.21
15393162878476,0.20
15393162879035,0.20
15393162880639,0.18
15393162882185,0.22
15393162884504,2.56
15393162885342,2.43
15393162885685,0.28
15393162890565,2.43
15393162894793,2.59
15393162894818,0.21
15393162895448,0.18
15393162897836,2.59
15393162898252,0.25
15393162898819,0.18
15393162900323,0.23
15393162901756,0.18
15393162903433,0.21
15393162906541,0.24
15393162909708,2.54
15393162912414,0.18
15393162912534,2.63
15393162914739,0.23
15393162915990,0.24
15393162917682,2.42
15393162924395,2.47
15393162924421,0.20
15393162925293,0.19
15393162927261,0.18
15393162927262,2.64
15393162927941,0.28
15393162928407,0.19
15393162929669,0.20
15393162931474,0.24
15393162931837,0.21
15393162935749,0.19
15393162939271,2.60
15393162939672,0.19
15393162939708,2.44
15393162942220,0.22
15393162942387,2.47
15393162942924,0.23
15393162943181,2.63
15393162943910,0.28
15393162945073,0.18
15393162947105,0.25
15393162948698,0.21
15393162950127,2.43
15393162950578,0.21
15393162951397,2.44
15393162951596,2.63
15393162952464,0.20
15393162953368,0.24
15393162957519,2.48
15393162957526,2.51
15393162962574,0.20
15393162965486,0.30
15393162968399,2.44
15393162968449,0.19
15393162969114,0.19
15393162970697,0.19
15393162971542,0.33
15393162972345,0.25
15393162972565,0.19
15393162972902,0.20
15393162975210,0.20
15393162976849,0.21
15393162977441,0.20
15393162984553,0.25
15393162984659,0.20
15393162986035,2.45
15393162989271,2.72
15393162989415,2.41
15393162990915,0.19
15393162991094,0.19
15393162991209,2.48
15393162992780,0.19
15393162994754,0.19
15393162995111,0.20
15393162995939,0.19
15393162997421,0.21
15393162997503,2.62
15393162997626,0.18
15393162997831,0.23
15393162998417,0.20
15393163001899,2.62
15393163004316,0.26
15393163004545,0.25
15393163004798,2.47
15393163005264,0.19
15393163005960,0.29
15393163006271,2.42
15393163007933,2.60
15393163010168,0.21
15393163010675,0.18
15393163011100,0.20
15393163013645,0.19
15393163014252,2.59
15393163014397,0.20
15393163014627,2.46
15393163015013,0.23
15393163015171,0.19
15393163015936,0.18
15393163017007,0.18
15393163017652,0.22
15393163017864,0.20
15393163021104,0.21
15393163021675,2.43
15393163024213,2.62
15393163024954,2.81
15393163026315,0.22
15393163029523,2.46
15393163030570,2.47
15393163034111,2.61
15393163035975,0.25
15393163036930,0.19
15393163037941,0.20
15393163040700,0.19
15393163040961,0.22
15393163041004,2.59
15393163045010,0.20
15393163046316,0.22
15393163046631,0.24
15393163047192,0.20
15393163047207,0.20
15393163047886,0.21
15393163048399,0.20
15393163052823,2.58
15393163054188,0.19
15393163055452,0.18
15393163055691,0.19
15393163055733,0.19
15393163056525,0.21
15393163056913,2.75
15393163057194,2.47
15393163057383,0.19
15393163058411,0.21
15393163059841,0.35
15393163061141,2.48
15393163062934,0.21
15393163063086,0.18
15393163064208,0.19
15393163064889,0.19
15393163067154,2.60
15393163067527,0.18
15393163067534,0.19
15393163068774,0.22
15393163070983,2.50
15393163072880,0.18
15393163073153,0.25
15393163076029,0.20
15393163077738,2.53
15393163077837,0.19
15393163079464,0.21
15393163079822,0.19
15393163085676,0.19
15393163086696,2.87
17592186045632,0.19
17592186045793,0.21
17592186045918,0.19
17592186048144,2.58
17592186049314,0.21
17592186056799,2.47
17592186061095,0.31
17592186062576,2.44
17592186062785,0.18
17592186065218,2.64
17592186066022,0.19
17592186066417,0.21
17592186067140,0.18
17592186068029,0.18
17592186069338,0.21
17592186070199,0.22
17592186071269,0.22
17592186071296,2.59
17592186072282,0.20
17592186076024,2.45
17592186076144,0.26
17592186076157,0.20
17592186079054,0.20
17592186081199,0.22
17592186083247,2.52
17592186087178,0.20
17592186089860,0.19
17592186090482,0.21
17592186090826,2.63
17592186092021,0.21
17592186092761,0.20
17592186093643,0.19
17592186093659,0.21
17592186095380,0.21
17592186095384,0.18
17592186096247,2.65
17592186096569,0.18
17592186096599,0.22
17592186097626,0.24
17592186102010,2.62
17592186102830,0.20
17592186103417,0.18
17592186104035,0.21
17592186104478,0.21
17592186108480,2.54
17592186109634,0.19
17592186113328,0.20
17592186114309,0.28
17592186117040,0.18
17592186119480,2.62
17592186121715,0.20
17592186121962,0.29
17592186124882,2.47
17592186124952,0.26
17592186126452,0.21
17592186128051,0.19
17592186128276,2.62
17592186130486,0.20
17592186130886,2.65
17592186132770,2.60
17592186134239,0.19
17592186136023,0.21
17592186137145,2.67
17592186137211,0.18
17592186139022,2.59
17592186139837,0.21
17592186142009,0.24
17592186144836,0.19
17592186145101,0.21
17592186146250,0.19
17592186146931,0.18
17592186153016,0.21
17592186154969,0.20
17592186155151,0.21
17592186155916,0.21
17592186157638,0.18
17592186158631,0.20
17592186163165,0.22
17592186164732,0.22
17592186167532,0.24
17592186169599,0.20
17592186171011,0.20
17592186174175,0.26
17592186178042,2.42
17592186178730,0.25
17592186179515,0.20
17592186182932,0.20
17592186183041,0.18
17592186184792,0.19
17592186185657,2.59
17592186185800,0.20
17592186187376,0.20
17592186187433,0.21
17592186189804,0.23
17592186191053,2.46
17592186197550,0.19
17592186198581,0.38
17592186198955,0.24
17592186199573,2.59
17592186200329,0.18
17592186200854,0.25
17592186201223,2.42
17592186202505,0.21
17592186203381,0.18
17592186204278,0.24
17592186205513,0.31
17592186207456,2.46
17592186209317,0.18
17592186209583,2.47
17592186210970,0.21
17592186211013,0.22
17592186213031,0.27
17592186214645,2.44
17592186215694,0.20
17592186216218,2.46
17592186219393,0.20
17592186222735,0.20
17592186224538,0.19
17592186224662,0.20
17592186225197,0.25
17592186226083,0.18
17592186227277,0.19
17592186227835,2.66
17592186229866,0.21
17592186230458,0.24
17592186231800,2.44
17592186232162,0.19
17592186236200,0.18
17592186236254,0.19
17592186238341,2.57
17592186238896,0.21
17592186240186,2.44
17592186241376,0.22
17592186242827,0.20
17592186251107,0.20
17592186252911,2.47
17592186253744,2.42
17592186254915,2.46
17592186257935,0.20
17592186259215,0.19
17592186259742,0.24
17592186259851,0.20
17592186260100,0.23
17592186260757,0.23
17592186263567,0.18
17592186264418,0.23
17592186265960,0.19
17592186267800,2.45
17592186269272,0.20
17592186270773,0.20
17592186271469,2.58
17592186271585,0.20
17592186271622,2.51
17592186271801,0.20
17592186272111,0.20
17592186273332,0.21
17592186273895,0.21
17592186274041,0.20
17592186276679,0.19
17592186279346,2.43
17592186281732,0.21
17592186283042,0.18
17592186284123,0.19
17592186284945,0.19
17592186285724,0.20
17592186286597,0.22
17592186286694,0.20
17592186287287,0.19
17592186288349,0.21
17592186289024,0.20
17592186291098,2.44
17592186291680,2.46
17592186293310,0.21
17592186296329,2.56
17592186296933,0.19
17592186297188,0.22
17592186298796,0.19
17592186300013,0.21
17592186302760,0.20
17592186306219,0.24
17592186307144,0.20
17592186308093,0.19
17592186310520,0.19
17592186310571,0.21
17592186310678,2.42
17592186311778,0.21
17592186312787,0.20
17592186314184,0.18
17592186318052,0.18
17592186320389,0.19
17592186322357,0.19
17592186324239,0.19
17592186324944,0.18
17592186325191,0.20
17592186325201,2.55
17592186328042,0.24
17592186329657,0.20
17592186330731,0.21
17592186335424,0.19
17592186337015,0.24
17592186338427,0.20
17592186338758,0.19
17592186340718,0.18
17592186340898,2.45
17592186341724,0.22
17592186342266,2.47
17592186342355,0.20
17592186342683,0.20
17592186343146,2.43
17592186343816,2.43
17592186344249,0.21
19791209300707,0.21
19791209302460,0.19
19791209302844,0.21
19791209307228,0.20
19791209307659,2.64
19791209307902,0.22
19791209308901,0.57
19791209310777,2.64
19791209313726,0.18
19791209316417,0.20
19791209316639,2.47
19791209317669,2.46
19791209319109,2.55
19791209322019,2.43
19791209324153,2.46
19791209325769,0.21
19791209325914,0.25
19791209328287,0.21
19791209329965,2.43
19791209331726,2.59
19791209333545,0.21
19791209333590,0.28
19791209339293,2.59
19791209344203,0.20
19791209345309,0.20
19791209345684,0.27
19791209347237,2.61
19791209347436,0.18
19791209349670,0.18
19791209353127,0.20
19791209353175,2.46
19791209355757,2.56
19791209357466,0.24
19791209358118,0.23
19791209361151,0.19
19791209361970,2.63
19791209362585,2.57
19791209364872,0.22
19791209365343,2.44
19791209365647,2.47
19791209365776,0.19
19791209366805,0.20
19791209369058,2.43
19791209370953,2.45
19791209373761,2.67
19791209375384,0.19
19791209375982,0.21
19791209376826,0.19
19791209378283,0.20
19791209378699,0.20
19791209386129,0.18
19791209388061,2.63
19791209388201,0.25
19791209390211,2.43
19791209390802,0.19
19791209391628,2.43
19791209392363,0.22
19791209393431,0.20
19791209395919,2.59
19791209395926,0.21
19791209396155,0.19
19791209399412,0.22
19791209399582,0.22
19791209399993,2.46
19791209404074,0.18
19791209406880,0.18
19791209407874,2.65
19791209408339,2.66
19791209408469,0.19
19791209408651,0.29
19791209410034,0.18
19791209410600,0.19
19791209410816,0.20
19791209412115,0.19
19791209412493,0.19
19791209413009,0.26
19791209413010,0.19
19791209416074,2.44
19791209420162,0.19
19791209421001,2.48
19791209421294,2.44
19791209422756,0.20
19791209424042,0.20
19791209424248,2.56
19791209424553,0.19
19791209424782,2.55
19791209425524,2.46
19791209426140,0.20
19791209426743,0.20
19791209427650,0.19
19791209435474,0.23
19791209437986,0.20
19791209440172,0.22
19791209440255,0.20
19791209443893,0.19
19791209444788,0.19
19791209446196,2.52
19791209446394,0.18
19791209446778,2.45
19791209447158,0.20
19791209449014,0.21
19791209451427,2.46
19791209451506,0.31
19791209452248,2.45
19791209452659,0.22
19791209453942,0.20
19791209455467,0.19
19791209457035,0.20
19791209457855,0.30
19791209459591,2.46
19791209463229,2.43
19791209465208,0.19
19791209473396,2.42
19791209477548,0.18
19791209479218,0.18
19791209479878,0.22
19791209479990,0.20
19791209480854,0.18
19791209482458,2.45
19791209482542,2.71
19791209485011,2.44
19791209486672,0.21
19791209487620,2.45
19791209493130,0.25
19791209494128,2.46
19791209494829,0.19
19791209499450,0.18
19791209499636,2.60
19791209500995,0.19
19791209501211,0.28
19791209504177,0.22
19791209504716,0.19
19791209506155,0.18
19791209509455,0.24
19791209509887,0.20
19791209511430,2.43
19791209512795,0.20
19791209512943,2.46
19791209514133,0.23
19791209518901,0.18
19791209519076,0.18
19791209520744,2.45
19791209521680,0.27
19791209524536,0.22
19791209528445,0.24
19791209529241,0.23
19791209530193,0.21
19791209530380,0.19
19791209530829,0.23
19791209532450,2.54
19791209535958,2.43
19791209536935,0.21
19791209538247,0.20
19791209538353,2.46
19791209538483,0.26
19791209541272,0.19
19791209542480,2.59
19791209542626,2.59
19791209544734,0.20
19791209546325,0.20
19791209549120,0.23
19791209550661,0.21
19791209550687,0.19
19791209552045,0.21
19791209552433,0.25
19791209553193,0.19
19791209555062,0.32
19791209559554,2.43
19791209560993,2.59
19791209563174,0.21
19791209564182,0.25
19791209564247,2.47
19791209568960,0.22
19791209570329,0.20
19791209571934,0.22
19791209574586,0.25
19791209577270,0.18
19791209578481,2.58
19791209579598,0.18
19791209580110,2.42
19791209580460,0.19
19791209580518,0.19
19791209580535,2.44
19791209580664,0.21
19791209580781,2.44
19791209580946,0.19
19791209581136,0.21
19791209582392,2.44
19791209584842,0.21
19791209585639,0.21
19791209588614,0.20
19791209591214,0.18
19791209591471,2.70
19791209591476,0.19
19791209591821,0.25
19791209592479,0.22
19791209593253,0.20
19791209595820,0.21
19791209596098,0.24
19791209597026,2.45
19791209599962,0.20
21990232558009,0.22
21990232560125,2.50
21990232563890,0.18
21990232571087,0.20
21990232572121,0.19
21990232573403,2.48
21990232575629,0.19
21990232578624,0.18
21990232582674,0.21
21990232589382,0.20
21990232591094,0.29
21990232593485,0.19
21990232594497,2.65
21990232595841,0.18
21990232596055,2.44
21990232597656,2.43
21990232601020,0.19
21990232601694,0.21
21990232605091,0.23
21990232606316,2.46
21990232611676,0.21
21990232613271,0.19
21990232613930,2.46
21990232614320,0.19
21990232614377,0.29
21990232615296,2.46
21990232615614,0.18
21990232617643,0.19
21990232618544,0.21
21990232619149,2.47
21990232623936,0.18
21990232625820,0.23
21990232626359,0.19
21990232627523,0.24
21990232628930,0.23
21990232630434,0.22
21990232631457,2.55
21990232633509,2.52
21990232634544,2.44
21990232634709,2.50
21990232635243,2.56
21990232635712,0.21
21990232635820,2.62
21990232636503,2.47
21990232636993,0.19
21990232638037,0.20
21990232638989,0.20
21990232640100,0.27
21990232640870,0.20
21990232640877,2.57
21990232641642,0.19
21990232642371,0.32
21990232644032,0.26
21990232647012,0.18
21990232649775,2.58
21990232650927,0.27
21990232653867,0.23
21990232655098,0.18
21990232657013,0.18
21990232657176,2.58
21990232658523,0.24
21990232659122,0.20
21990232664167,2.57
21990232666902,0.26
21990232667759,0.21
21990232668122,0.19
21990232668573,0.19
21990232672342,0.21
21990232675740,2.44
21990232681443,0.19
21990232685142,0.30
21990232691045,2.43
21990232693879,0.20
21990232694289,2.46
21990232696881,2.46
21990232696883,2.45
21990232697478,0.18
21990232697752,0.19
21990232698650,0.21
21990232699333,0.19
21990232700080,0.18
21990232700082,0.19
21990232702828,0.19
21990232704479,0.24
21990232705908,0.18
21990232706528,0.20
21990232706698,0.21
21990232706751,0.20
21990232707498,0.25
21990232707601,0.18
21990232707682,0.24
21990232707702,0.19
21990232708734,0.23
21990232709075,2.46
21990232710121,2.57
21990232716203,0.20
21990232716299,0.22
21990232716316,2.46
21990232717141,0.19
21990232723880,2.45
21990232724005,0.25
21990232724368,0.19
21990232724464,0.22
21990232726118,2.62
21990232726650,0.23
21990232726752,2.44
21990232727996,0.18
21990232730834,0.25
21990232731233,2.56
21990232731514,0.22
21990232731705,0.22
21990232733144,2.59
21990232733993,2.42
21990232735757,0.23
21990232737469,2.55
21990232738296,0.21
21990232738565,0.19
21990232740952,2.65
21990232742133,0.21
21990232744365,2.47
21990232744918,0.20
21990232747264,0.22
21990232747649,0.18
21990232749012,0.20
21990232751219,0.19
21990232752790,0.19
21990232754505,0.20
21990232755495,0.19
21990232755882,0.19
21990232756052,2.43
21990232757379,0.20
21990232759429,0.19
21990232759939,2.43
21990232761271,0.21
21990232762923,2.70
21990232764337,0.18
21990232764471,0.18
21990232767653,0.18
21990232769306,0.28
21990232770755,2.55
21990232771865,0.20
21990232772969,2.45
21990232773089,0.24
21990232774033,0.26
21990232775104,0.20
21990232781108,0.22
21990232781892,0.24
21990232782945,0.60
21990232783538,0.23
21990232784136,2.45
21990232784655,2.56
21990232786252,0.21
21990232787971,0.25
21990232790596,0.19
21990232791917,0.20
21990232792227,0.20
21990232794543,2.49
21990232797853,0.22
21990232797957,0.19
21990232800147,0.19
21990232801211,0.20
21990232801313,2.67
21990232804060,0.24
21990232805254,2.42
21990232805379,0.22
21990232806090,0.20
21990232808607,0.26
21990232810181,0.18
21990232815622,0.24
21990232817638,0.20
21990232818421,2.49
21990232820156,0.25
21990232820500,2.44
21990232820620,0.20
21990232821253,0.19
21990232822874,0.18
21990232823473,0.21
21990232825623,0.19
21990232826182,0.19
21990232828022,0.21
21990232829382,0.25
21990232833488,0.19
21990232833739,0.25
21990232834283,0.19
21990232834309,2.49
21990232836472,2.45
21990232837053,0.22
21990232837899,2.46
21990232838387,0.26
21990232839901,2.46
21990232840717,0.19
21990232842328,2.46
21990232843639,2.46
21990232843642,0.21
21990232847048,0.21
21990232848417,0.21
21990232850305,0.19
21990232852512,0.24
24189255812991,0.20
24189255815317,0.55
24189255817008,2.45
24189255818177,0.21
24189255818587,0.23
24189255823862,2.81
24189255825032,2.44
24189255826362,0.19
24189255833256,0.19
24189255833625,2.53
24189255834272,0.19
24189255837043,2.46
24189255837390,0.21
24189255837630,0.23
24189255837797,0.18
24189255840744,2.44
24189255841239,2.42
24189255842355,0.23
24189255843513,0.27
24189255844172,0.21
24189255846190,0.23
24189255850216,0.21
24189255850593,0.20
24189255852066,0.22
24189255853177,0.20
24189255853420,0.24
24189255854746,0.21
24189255860249,2.42
24189255862693,0.20
24189255863568,2.44
24189255876653,0.21
24189255878477,0.20
24189255884316,2.46
24189255884665,0.19
24189255886534,0.19
24189255888716,0.19
24189255889762,0.20
24189255890243,0.21
24189255892309,0.19
24189255897728,2.45
24189255898940,0.21
24189255899141,2.58
24189255899740,0.18
24189255902205,0.18
24189255904127,0.18
24189255905366,0.20
24189255905408,0.18
24189255905737,2.63
24189255907836,0.18
24189255912547,2.58
24189255915922,2.58
24189255918051,0.24
24189255920078,0.20
24189255923329,0.23
24189255924205,0.20
24189255926374,0.34
24189255926846,0.21
24189255928821,0.56
24189255932471,2.42
24189255938555,0.19
24189255938829,0.21
24189255939258,0.21
24189255942987,2.48
24189255946275,0.22
24189255950299,0.22
24189255951880,0.19
24189255955434,0.19
24189255955472,2.45
24189255956687,2.44
24189255959068,2.42
24189255959905,0.21
24189255962248,0.19
24189255966715,0.21
24189255967416,0.18
24189255969352,0.19
24189255969658,0.23
24189255972296,2.47
24189255974280,2.41
24189255976566,0.21
24189255976936,0.19
24189255977999,0.23
24189255979387,0.29
24189255981996,0.18
24189255983369,0.19
24189255986143,2.47
24189255986790,0.19
24189255988392,0.19
24189255988854,0.28
24189255989137,0.20
24189255992722,0.21
24189255994208,0.21
24189255996857,0.18
24189255998558,0.19
24189255998908,0.18
24189256000709,2.58
24189256003078,0.21
24189256004927,0.23
24189256005098,0.18
24189256007031,0.23
24189256008551,0.18
24189256008698,2.66
24189256014281,0.18
24189256017991,0.19
24189256025970,2.44
24189256026374,0.20
24189256026980,0.19
24189256032289,0.19
24189256037021,0.19
24189256038578,0.19
24189256040882,0.31
24189256040934,0.22
24189256041017,2.48
24189256042152,0.18
24189256042227,0.20
24189256045157,0.21
24189256045672,0.19
24189256046520,2.57
24189256047272,2.44
24189256047689,0.25
24189256048654,2.66
24189256049919,0.18
24189256051380,0.30
24189256053502,0.23
24189256053813,0.23
24189256054462,0.23
24189256054951,0.19
24189256057660,0.23
24189256057865,0.19
24189256060516,0.19
24189256064058,12.27
24189256064982,0.22
24189256067844,0.18
24189256070486,2.64
24189256075748,2.46
24189256076058,0.23
24189256076690,0.28
24189256084528,0.21
24189256084945,0.22
24189256088186,2.48
24189256091405,0.18
24189256092385,0.26
24189256092496,2.46
24189256093087,2.74
24189256093174,0.18
24189256093571,0.19
24189256094887,2.60
24189256095504,0.20
24189256100837,0.23
24189256100930,0.19
24189256103659,0.20
24189256106369,2.48
24189256106872,2.59
24189256107045,2.79
24189256108189,0.19
24189256108459,0.22
24189256110876,2.70
26388279068337,0.22
26388279074354,0.25
26388279076757,0.23
26388279078967,7.48
26388279079812,0.18
26388279080016,2.43
26388279080193,0.21
26388279082561,0.18
26388279089977,2.46
26388279093628,0.28
26388279095330,0.20
26388279098936,0.21
26388279104022,0.27
26388279106425,0.25
26388279114793,0.23
26388279115301,0.23
26388279119498,0.23
26388279123425,0.19
26388279134438,0.21
26388279135761,0.22
26388279140390,0.19
26388279140643,0.20
26388279144169,2.57
26388279147011,0.19
26388279155400,0.18
26388279158651,0.19
26388279159942,0.19
26388279162037,2.45
26388279165163,0.18
26388279165395,2.40
26388279167170,2.43
26388279171020,2.48
26388279172302,0.19
26388279173326,0.22
26388279178661,0.26
26388279178923,0.24
26388279181082,2.42
26388279181923,0.23
26388279182443,2.60
26388279187803,0.21
26388279188158,0.24
26388279194667,0.19
26388279199501,0.25
26388279200000,0.56
26388279201064,0.19
26388279202872,0.54
26388279204745,0.19
26388279205355,0.19
26388279206524,2.43
26388279207013,0.19
26388279207561,2.45
26388279216069,0.18
26388279219302,0.20
26388279220589,0.23
26388279223015,2.71
26388279224607,0.20
26388279226858,0.21
26388279234206,0.21
26388279236738,0.22
26388279239740,0.33
26388279240526,2.47
26388279241197,0.26
26388279247429,0.19
26388279247515,2.44
26388279252330,0.21
26388279255163,0.20
26388279255859,0.21
26388279258376,0.19
26388279260095,0.20
26388279261486,0.31
26388279266003,0.21
26388279269158,0.23
26388279269998,2.44
26388279273281,0.28
26388279273931,0.19
26388279274449,0.19
26388279275691,2.43
26388279278665,2.51
26388279280172,2.44
26388279284017,0.19
26388279284635,0.21
26388279290468,2.64
26388279292070,0.19
26388279293431,2.65
26388279297684,2.63
26388279311264,2.49
26388279312083,2.64
26388279312504,2.43
26388279313175,0.23
26388279313383,0.22
26388279315584,0.27
26388279319887,0.19
26388279320041,0.24
26388279322551,0.21
26388279322914,0.25
26388279324464,0.19
26388279325523,0.18
26388279326644,0.21
26388279333405,0.19
26388279333443,0.20
26388279335054,0.24
26388279341534,0.25
26388279341723,0.20
26388279345862,0.20
26388279345962,2.42
26388279346041,0.19
26388279347045,0.55
26388279348234,0.19
26388279349787,2.47
26388279349845,0.20
26388279351454,0.20
26388279353365,0.20
26388279360649,2.57
28587302322772,0.21
28587302338349,0.21
28587302343249,0.19
28587302343616,0.18
28587302371330,0.26
28587302372421,2.77
28587302392327,0.20
28587302411544,2.48
28587302425313,0.19
28587302445159,0.20
28587302450663,0.21
28587302464543,0.25
28587302465955,0.22
28587302477098,0.22
28587302489643,0.26
28587302496074,0.21
28587302503597,2.48
28587302505960,0.20
28587302517481,0.19
28587302518016,0.18
28587302520175,0.21
28587302527052,0.23
28587302527904,0.18
28587302528040,2.48
28587302535673,0.21
28587302547367,2.44
28587302554674,0.32
28587302556445,2.57
28587302566753,0.18
28587302568178,0.18
28587302568854,0.26
28587302570110,0.26
28587302587431,2.45
28587302587620,0.20
28587302589808,0.18
28587302600327,0.19
28587302614234,2.44
28587302615359,0.19
